Workbook

Sheet BASE 
A1: CONDIÇÃO
A2: N.A. | B2: Desligados, transferidos, afastados.
A3: APROVADO | B3: Treinamento de formação realizado ou reciclado, com aprovação mínima e dentro do prazo de validade
A4: RECICLADO | B4: Treinamento já reciclado. Linha de histórico
A5: SEM REGISTRO | B5: Nunca fez o treinamento
A6: REPROVADO | B6: Treinamento reciclado porém não atigingiu pontuação mínima para aprovação na avaliação. Necessário repescagem.
A9: STATUS
A10: N.A. | B10: Desligados, transferidos, afastados.
A11: NO PRAZO | B11: Treinamento de formação realizado ou reciclado, com aprovação mínima e dentro do prazo de validade
A12: VENCIDO | B12: Treinamento fora do prazo de validade.
A13: HISTORICO | B13: Treinamento já reciclado. Linha de histórico
A14: SEM REGISTRO | B14: Nunca fez o treinamento
A15: REPROVADO | B15: Treinamento reciclado porém não atigingiu pontuação mínima para aprovação na avaliação. Necessário repescagem.

Sheet CADASTRO
A1: NOME | B1: TURNO COMP | C1: TURNO | D1: COORDENADOR | E1: FUNÇÃO | F1: STATUS | G1: ÁREA | H1: IDFIXO
A2: REDIVALDO BARBOSA | B2: 0 - ADM - BH 6X1/5X2 08:0 | C2: 0 | D2: GIOVANNA CRIPPA BIFFARATTE | E2: ANALISTA PROCESSOS | F2: TRANSFERIDO | G2: MELHORIA CONTINUA | H2: 1
A3: WEVERTON MEDEIRO | B3: 2º turno - 6x1 - 14:00 ás | C3: 2 | D3: MICHELLE APARECIDA FARIA | E3: OPERADOR INDUSTRIAL I | F3: DESLIGADO | G3: FABRIMA | H3: 2
A4: YAN HENRIQUE COSTA | B4: 3º turno - 6x1 - 22:00 ás | C4: 3 | D4: HIAGO DA SILVA DANTAS | E4: AUXILIAR INDUSTRIAL | F4: DESLIGADO | G4: FABRIMA | H4: 3
A5: YUAN JOSE DE OLIVEIRA | B5: HIRE NOW | C5: H | D5: RICARDO BAPTISTA NISHIDA | E5: AUXILIAR INDUSTRIAL | F5: DESLIGADO | G5: FABRIMA | H5: 4
A6: WESLEY MARCELINO DE JESUS | B6: 1º turno - 6x1 - 06:00 ás | C6: 1 | D6: FABIO ASSIS DE OLIVEIRA | E6: OPERADOR LOGISTICO I | F6: DESLIGADO | G6: LOGÍSTICA | H6: 5
A7: WARLEY DA CUNHA SANTANA | B7: 2º turno - 6x1 - 14:00 ás | C7: 2 | D7: FABIO ASSIS DE OLIVEIRA | E7: OPERADOR LOGISTICO I | F7: DESLIGADO | G7: LOGÍSTICA | H7: 6
A8: VIVIANE FILOMENA DA SILVA | B8: 3º turno - 6x1 - 22:00 ás | C8: 3 | D8: HIAGO DA SILVA DANTAS | E8: AUXILIAR INDUSTRIAL | F8: DESLIGADO | G8: FABRIMA | H8: 7
A9: VITOR LIMA DE OLIVEIRA | B9: 0 - ADM - SEG/SEX - 13:30 | C9: 0 | D9: ELIEZER SILVA | E9: APRENDIZ | F9: DESLIGADO | G9: MANUTENÇÃO ADM | H9: 8
A10: VINICIUS CESAR DE OLIVEIRA BATISTA | B10: 3º turno - 6x1 - 22:00 ás | C10: 3 | D10: HIAGO DA SILVA DANTAS | E10: OPERADOR INDUSTRIAL II | F10: DESLIGADO | G10: PKD | H10: 9
A11: VERENA APARECIDA RODRIGUES SILVA | B11: 0 - ADM - SEG / SEX 08:30 | C11: 0 | D11: GIOVANNA CRIPPA BIFFARATTE | E11: ESTAGIARIO | F11: DESLIGADO | G11: MELHORIA CONTINUA | H11: 10
A12: VALDECI JUSTINO SIMOES | B12: 3º turno - 6x1 - 22:00 ás | C12: 3 | D12: CAIO GUILHERME SALES FERREIRA | E12: OPERADOR INDUSTRIAL II | F12: DESLIGADO | G12: CAFÉ VERDE | H12: 11
A13: TIAGO DELFINO DE OLIVEIRA | B13: 1º turno - 6x1 - 06:00 ás | C13: 1 | D13: HIAGO DA SILVA DANTAS | E13: OPERADOR INDUSTRIAL I | F13: DESLIGADO | G13: FABRIMA | H13: 12
... A329: GLAUCIURI RODRIGUES DE SENA | B329: HIRE NOW | C329: H | D329: LEONARDO ANTONIO FRANCELINO JUNIOR | E329: AUXILIAR INDUSTRIAL | F329: ATIVO | G329: FABRIMA | H329: 353

Sheet NR05
A1: ORIGEM | B1: FORNECEDOR | C1: INSTRUTOR | D1: TREINAMENTO | E1: NOME | F1: CARGO | G1: TREINADO EM | H1: VALIDADE | I1: STATUS | J1: VENCE EM | K1: CARGA HORARIA | L1: CONDIÇÃO | M1: SITUAÇÃO
A2: EXTERNO | B2: MERITUS | C2: FELICIO MATOS | D2: NR 05 - CIPA | E2: ALEX SANDRO ALVES TEIXEIRA | F2: =VLOOKUP(CIPA[[#This Row],[NOME]],'CADASTRO'!A:K,5,0) -> OPERADOR INDUSTRIAL II | G2: 45629 | H2: 730 | I2: =IF(CIPA[[#This Row],[SITUAÇÃO]]="ATIVO", IF(CIPA[[#This Row],[CONDIÇÃO]]="N.A.", "N.A.", IF(CIPA[[#This Row],[CONDIÇÃO]]="REPROVADO", "REPROVADO", IF(CIPA[[#This Row],[CONDIÇÃO]]="RECICLADO", "HISTORICO", IF(CIPA[[#This Row],[CONDIÇÃO]]="SEM REGISTRO", "SEM REGISTRO", IF(G326="01/01/1900", "SEM REGISTRO", IF((G2+H2)>TODAY(), "NO PRAZO", "VENCIDO" ) ) ) ) ) ),"N.A.") -> HISTORICO | J2: =CIPA[[#This Row],[TREINADO EM]]+CIPA[[#This Row],[VALIDADE]] -> 46359 | K2: 16 | L2: RECICLADO | M2: =VLOOKUP(CIPA[[#This Row],[NOME]],'CADASTRO'!A:K,6,0) -> ATIVO
A3: EXTERNO | B3: MERITUS | C3: FELICIO MATOS | D3: NR 05 - CIPA | E3: ALEXANDRE BATISTA DE OLIVEIRA | F3: =VLOOKUP(CIPA[[#This Row],[NOME]],'CADASTRO'!A:K,5,0) -> TECNICO MECANICO III | G3: 46001 | H3: 730 | I3: =IF(CIPA[[#This Row],[SITUAÇÃO]]="ATIVO", IF(CIPA[[#This Row],[CONDIÇÃO]]="N.A.", "N.A.", IF(CIPA[[#This Row],[CONDIÇÃO]]="REPROVADO", "REPROVADO", IF(CIPA[[#This Row],[CONDIÇÃO]]="RECICLADO", "HISTORICO", IF(CIPA[[#This Row],[CONDIÇÃO]]="SEM REGISTRO", "SEM REGISTRO", IF(G327="01/01/1900", "SEM REGISTRO", IF((G3+H3)>TODAY(), "NO PRAZO", "VENCIDO" ) ) ) ) ) ),"N.A.") -> NO PRAZO | J3: =CIPA[[#This Row],[TREINADO EM]]+CIPA[[#This Row],[VALIDADE]] -> 46731 | K3: 16 | L3: APROVADO | M3: =VLOOKUP(CIPA[[#This Row],[NOME]],'CADASTRO'!A:K,6,0) -> ATIVO
A4: EXTERNO | B4: EXXCELENCIA | C4: SAYMON | D4: NR 05 - CIPA | E4: ALEXANDRE DE ASSIS DA COSTA | F4: =VLOOKUP(CIPA[[#This Row],[NOME]],'CADASTRO'!A:K,5,0) -> TECNICO MECANICO II | G4: 45426 | H4: 730 | I4: =IF(CIPA[[#This Row],[SITUAÇÃO]]="ATIVO", IF(CIPA[[#This Row],[CONDIÇÃO]]="N.A.", "N.A.", IF(CIPA[[#This Row],[CONDIÇÃO]]="REPROVADO", "REPROVADO", IF(CIPA[[#This Row],[CONDIÇÃO]]="RECICLADO", "HISTORICO", IF(CIPA[[#This Row],[CONDIÇÃO]]="SEM REGISTRO", "SEM REGISTRO", IF(G328="01/01/1900", "SEM REGISTRO", IF((G4+H4)>TODAY(), "NO PRAZO", "VENCIDO" ) ) ) ) ) ),"N.A.") -> N.A. | J4: =CIPA[[#This Row],[TREINADO EM]]+CIPA[[#This Row],[VALIDADE]] -> 46156 | K4: 16 | L4: N.A. | M4: =VLOOKUP(CIPA[[#This Row],[NOME]],'CADASTRO'!A:K,6,0) -> ATIVO
A5: EXTERNO | B5: MERITUS | C5: FELICIO MATOS | D5: NR 05 - CIPA | E5: ALINE FERNANDES | F5: =VLOOKUP(CIPA[[#This Row],[NOME]],'CADASTRO'!A:K,5,0) -> ASSISTENTE ADMINISTRATIVO | G5: 46001 | H5: 730 | I5: =IF(CIPA[[#This Row],[SITUAÇÃO]]="ATIVO", IF(CIPA[[#This Row],[CONDIÇÃO]]="N.A.", "N.A.", IF(CIPA[[#This Row],[CONDIÇÃO]]="REPROVADO", "REPROVADO", IF(CIPA[[#This Row],[CONDIÇÃO]]="RECICLADO", "HISTORICO", IF(CIPA[[#This Row],[CONDIÇÃO]]="SEM REGISTRO", "SEM REGISTRO", IF(G329="01/01/1900", "SEM REGISTRO", IF((G5+H5)>TODAY(), "NO PRAZO", "VENCIDO" ) ) ) ) ) ),"N.A.") -> NO PRAZO | J5: =CIPA[[#This Row],[TREINADO EM]]+CIPA[[#This Row],[VALIDADE]] -> 46731 | K5: 16 | L5: APROVADO | M5: =VLOOKUP(CIPA[[#This Row],[NOME]],'CADASTRO'!A:K,6,0) -> ATIVO
A6: EXTERNO | B6: EXXCELENCIA | C6: VINICIUS FERREIRA | D6: NR 05 - CIPA | E6: ANDRE LUIS MENDES COSTA | F6: =VLOOKUP(CIPA[[#This Row],[NOME]],'CADASTRO'!A:K,5,0) -> Analista PCM PL | G6: 45267 | H6: 730 | I6: =IF(CIPA[[#This Row],[SITUAÇÃO]]="ATIVO", IF(CIPA[[#This Row],[CONDIÇÃO]]="N.A.", "N.A.", IF(CIPA[[#This Row],[CONDIÇÃO]]="REPROVADO", "REPROVADO", IF(CIPA[[#This Row],[CONDIÇÃO]]="RECICLADO", "HISTORICO", IF(CIPA[[#This Row],[CONDIÇÃO]]="SEM REGISTRO", "SEM REGISTRO", IF(G330="01/01/1900", "SEM REGISTRO", IF((G6+H6)>TODAY(), "NO PRAZO", "VENCIDO" ) ) ) ) ) ),"N.A.") -> N.A. | J6: =CIPA[[#This Row],[TREINADO EM]]+CIPA[[#This Row],[VALIDADE]] -> 45997 | K6: 16 | L6: N.A. | M6: =VLOOKUP(CIPA[[#This Row],[NOME]],'CADASTRO'!A:K,6,0) -> ATIVO
A7: EXTERNO | B7: EXXCELENCIA | C7: VINICIUS FERREIRA | D7: NR 05 - CIPA | E7: ARTHUR FIGUEIREDO DA SILVA | F7: =VLOOKUP(CIPA[[#This Row],[NOME]],'CADASTRO'!A:K,5,0) -> TECNICO MECANICO II | G7: 44545 | H7: 730 | I7: =IF(CIPA[[#This Row],[SITUAÇÃO]]="ATIVO", IF(CIPA[[#This Row],[CONDIÇÃO]]="N.A.", "N.A.", IF(CIPA[[#This Row],[CONDIÇÃO]]="REPROVADO", "REPROVADO", IF(CIPA[[#This Row],[CONDIÇÃO]]="RECICLADO", "HISTORICO", IF(CIPA[[#This Row],[CONDIÇÃO]]="SEM REGISTRO", "SEM REGISTRO", IF(G331="01/01/1900", "SEM REGISTRO", IF((G7+H7)>TODAY(), "NO PRAZO", "VENCIDO" ) ) ) ) ) ),"N.A.") -> N.A. | J7: =CIPA[[#This Row],[TREINADO EM]]+CIPA[[#This Row],[VALIDADE]] -> 45275 | K7: 20 | L7: N.A. | M7: =VLOOKUP(CIPA[[#This Row],[NOME]],'CADASTRO'!A:K,6,0) -> ATIVO
A8: EXTERNO | B8: EXXCELENCIA | C8: VINICIUS FERREIRA | D8: NR 05 - CIPA | E8: ARTHUR FIGUEIREDO DA SILVA | F8: =VLOOKUP(CIPA[[#This Row],[NOME]],'CADASTRO'!A:K,5,0) -> TECNICO MECANICO II | G8: 44900 | H8: 730 | I8: =IF(CIPA[[#This Row],[SITUAÇÃO]]="ATIVO", IF(CIPA[[#This Row],[CONDIÇÃO]]="N.A.", "N.A.", IF(CIPA[[#This Row],[CONDIÇÃO]]="REPROVADO", "REPROVADO", IF(CIPA[[#This Row],[CONDIÇÃO]]="RECICLADO", "HISTORICO", IF(CIPA[[#This Row],[CONDIÇÃO]]="SEM REGISTRO", "SEM REGISTRO", IF(G332="01/01/1900", "SEM REGISTRO", IF((G8+H8)>TODAY(), "NO PRAZO", "VENCIDO" ) ) ) ) ) ),"N.A.") -> N.A. | J8: =CIPA[[#This Row],[TREINADO EM]]+CIPA[[#This Row],[VALIDADE]] -> 45630 | K8: 20 | L8: N.A. | M8: =VLOOKUP(CIPA[[#This Row],[NOME]],'CADASTRO'!A:K,6,0) -> ATIVO
A9: EXTERNO | B9: EXXCELENCIA | C9: VINICIUS FERREIRA | D9: NR 05 - CIPA | E9: ARTHUR FIGUEIREDO DA SILVA | F9: =VLOOKUP(CIPA[[#This Row],[NOME]],'CADASTRO'!A:K,5,0) -> TECNICO MECANICO II | G9: 45267 | H9: 730 | I9: =IF(CIPA[[#This Row],[SITUAÇÃO]]="ATIVO", IF(CIPA[[#This Row],[CONDIÇÃO]]="N.A.", "N.A.", IF(CIPA[[#This Row],[CONDIÇÃO]]="REPROVADO", "REPROVADO", IF(CIPA[[#This Row],[CONDIÇÃO]]="RECICLADO", "HISTORICO", IF(CIPA[[#This Row],[CONDIÇÃO]]="SEM REGISTRO", "SEM REGISTRO", IF(G333="01/01/1900", "SEM REGISTRO", IF((G9+H9)>TODAY(), "NO PRAZO", "VENCIDO" ) ) ) ) ) ),"N.A.") -> N.A. | J9: =CIPA[[#This Row],[TREINADO EM]]+CIPA[[#This Row],[VALIDADE]] -> 45997 | K9: 16 | L9: N.A. | M9: =VLOOKUP(CIPA[[#This Row],[NOME]],'CADASTRO'!A:K,6,0) -> ATIVO
A10: EXTERNO | B10: MERITUS | C10: FELICIO MATOS | D10: NR 05 - CIPA | E10: BIANCA PIERAZO E SILVA | F10: =VLOOKUP(CIPA[[#This Row],[NOME]],'CADASTRO'!A:K,5,0) -> ASSISTENTE ADMINISTRATIVO | G10: 45629 | H10: 730 | I10: =IF(CIPA[[#This Row],[SITUAÇÃO]]="ATIVO", IF(CIPA[[#This Row],[CONDIÇÃO]]="N.A.", "N.A.", IF(CIPA[[#This Row],[CONDIÇÃO]]="REPROVADO", "REPROVADO", IF(CIPA[[#This Row],[CONDIÇÃO]]="RECICLADO", "HISTORICO", IF(CIPA[[#This Row],[CONDIÇÃO]]="SEM REGISTRO", "SEM REGISTRO", IF(G334="01/01/1900", "SEM REGISTRO", IF((G10+H10)>TODAY(), "NO PRAZO", "VENCIDO" ) ) ) ) ) ),"N.A.") -> N.A. | J10: =CIPA[[#This Row],[TREINADO EM]]+CIPA[[#This Row],[VALIDADE]] -> 46359 | K10: 16 | L10: APROVADO | M10: =VLOOKUP(CIPA[[#This Row],[NOME]],'CADASTRO'!A:K,6,0) -> DESLIGADO
A11: EXTERNO | B11: EXXCELENCIA | C11: VINICIUS FERREIRA | D11: NR 05 - CIPA | E11: BRUNO HENRIQUE HONORIO SILVA | F11: =VLOOKUP(CIPA[[#This Row],[NOME]],'CADASTRO'!A:K,5,0) -> AUXILIAR INDUSTRIAL | G11: 44545 | H11: 730 | I11: =IF(CIPA[[#This Row],[SITUAÇÃO]]="ATIVO", IF(CIPA[[#This Row],[CONDIÇÃO]]="N.A.", "N.A.", IF(CIPA[[#This Row],[CONDIÇÃO]]="REPROVADO", "REPROVADO", IF(CIPA[[#This Row],[CONDIÇÃO]]="RECICLADO", "HISTORICO", IF(CIPA[[#This Row],[CONDIÇÃO]]="SEM REGISTRO", "SEM REGISTRO", IF(G335="01/01/1900", "SEM REGISTRO", IF((G11+H11)>TODAY(), "NO PRAZO", "VENCIDO" ) ) ) ) ) ),"N.A.") -> N.A. | J11: =CIPA[[#This Row],[TREINADO EM]]+CIPA[[#This Row],[VALIDADE]] -> 45275 | K11: 20 | L11: N.A. | M11: =VLOOKUP(CIPA[[#This Row],[NOME]],'CADASTRO'!A:K,6,0) -> DESLIGADO
A12: EXTERNO | B12: MERITUS | C12: FELICIO MATOS | D12: NR 05 - CIPA | E12: CAMILA CRISTINA BASILIO | F12: =VLOOKUP(CIPA[[#This Row],[NOME]],'CADASTRO'!A:K,5,0) -> SUPERVISOR DE OPERAÇÕES | G12: 45629 | H12: 730 | I12: =IF(CIPA[[#This Row],[SITUAÇÃO]]="ATIVO", IF(CIPA[[#This Row],[CONDIÇÃO]]="N.A.", "N.A.", IF(CIPA[[#This Row],[CONDIÇÃO]]="REPROVADO", "REPROVADO", IF(CIPA[[#This Row],[CONDIÇÃO]]="RECICLADO", "HISTORICO", IF(CIPA[[#This Row],[CONDIÇÃO]]="SEM REGISTRO", "SEM REGISTRO", IF(G336="01/01/1900", "SEM REGISTRO", IF((G12+H12)>TODAY(), "NO PRAZO", "VENCIDO" ) ) ) ) ) ),"N.A.") -> HISTORICO | J12: =CIPA[[#This Row],[TREINADO EM]]+CIPA[[#This Row],[VALIDADE]] -> 46359 | K12: 16 | L12: RECICLADO | M12: =VLOOKUP(CIPA[[#This Row],[NOME]],'CADASTRO'!A:K,6,0) -> ATIVO
A13: EXTERNO | B13: MERITUS | C13: FELICIO MATOS | D13: NR 05 - CIPA | E13: CAMILA CRISTINA BASILIO | F13: =VLOOKUP(CIPA[[#This Row],[NOME]],'CADASTRO'!A:K,5,0) -> SUPERVISOR DE OPERAÇÕES | G13: 46001 | H13: 730 | I13: =IF(CIPA[[#This Row],[SITUAÇÃO]]="ATIVO", IF(CIPA[[#This Row],[CONDIÇÃO]]="N.A.", "N.A.", IF(CIPA[[#This Row],[CONDIÇÃO]]="REPROVADO", "REPROVADO", IF(CIPA[[#This Row],[CONDIÇÃO]]="RECICLADO", "HISTORICO", IF(CIPA[[#This Row],[CONDIÇÃO]]="SEM REGISTRO", "SEM REGISTRO", IF(G337="01/01/1900", "SEM REGISTRO", IF((G13+H13)>TODAY(), "NO PRAZO", "VENCIDO" ) ) ) ) ) ),"N.A.") -> NO PRAZO | J13: =CIPA[[#This Row],[TREINADO EM]]+CIPA[[#This Row],[VALIDADE]] -> 46731 | K13: 16 | L13: APROVADO | M13: =VLOOKUP(CIPA[[#This Row],[NOME]],'CADASTRO'!A:K,6,0) -> ATIVO
... A59: EXTERNO | B59: MERITUS | C59: FELICIO MATOS | D59: NR 05 - CIPA | E59: VINICIUS RAMOS DE OLIVEIRA | F59: =VLOOKUP(CIPA[[#This Row],[NOME]],'CADASTRO'!A:K,5,0) -> OPERADOR INDUSTRIAL III | G59: 46001 | H59: 730 | I59: =IF(CIPA[[#This Row],[SITUAÇÃO]]="ATIVO", IF(CIPA[[#This Row],[CONDIÇÃO]]="N.A.", "N.A.", IF(CIPA[[#This Row],[CONDIÇÃO]]="REPROVADO", "REPROVADO", IF(CIPA[[#This Row],[CONDIÇÃO]]="RECICLADO", "HISTORICO", IF(CIPA[[#This Row],[CONDIÇÃO]]="SEM REGISTRO", "SEM REGISTRO", IF(G383="01/01/1900", "SEM REGISTRO", IF((G59+H59)>TODAY(), "NO PRAZO", "VENCIDO" ) ) ) ) ) ),"N.A.") -> NO PRAZO | J59: =CIPA[[#This Row],[TREINADO EM]]+CIPA[[#This Row],[VALIDADE]] -> 46731 | K59: 16 | L59: APROVADO | M59: =VLOOKUP(CIPA[[#This Row],[NOME]],'CADASTRO'!A:K,6,0) -> ATIVO

Sheet NR06 EPI
A1: ORIGEM | B1: FORNECEDOR | C1: INSTRUTOR | D1: TREINAMENTO | E1: NOME | F1: CARGO | G1: TREINADO EM | H1: VALIDADE | I1: STATUS | J1: VENCE EM | K1: CARGA HORARIA | L1: CONDIÇÃO | M1: SITUAÇÃO | N1: LINK | Q1: Algum dado repetido? | S1: =IF(OR(COUNTIFS(E:E,B2,I:I,"NO PRAZO")>1, COUNTIFS(E:E,B2,I:I,"VENCIDO")>1, AND(COUNTIFS(E:E,B2,I:I,"NO PRAZO")>=1, COUNTIFS(E:E,B2,I:I,"VENCIDO")>=1)), "TREINAMENTO NÃO RECEBEU RECICLADO", "OK") -> OK
A2: INTERNO | B2: PIU JDE | C2: GUILHERME DOS REIS OLIVEIRA | D2: NR 06 EPI | E2: ABNER BARROS DE PAIVA | F2: =VLOOKUP(EPI[[#This Row],[NOME]],'CADASTRO'!A:K,5,0) -> OPERADOR INDUSTRIAL I | G2: 46119 | H2: 365 | I2: =IF(EPI[[#This Row],[SITUAÇÃO]]="ATIVO", IF(EPI[[#This Row],[CONDIÇÃO]]="N.A.", "N.A.", IF(EPI[[#This Row],[CONDIÇÃO]]="REPROVADO", "REPROVADO", IF(EPI[[#This Row],[CONDIÇÃO]]="RECICLADO", "HISTORICO", IF(EPI[[#This Row],[CONDIÇÃO]]="SEM REGISTRO", "SEM REGISTRO", IF(G391="01/01/1900", "SEM REGISTRO", IF((G2+H2)>TODAY(), "NO PRAZO", "VENCIDO" ) ) ) ) ) ),"N.A.") -> NO PRAZO | J2: =EPI[[#This Row],[TREINADO EM]]+EPI[[#This Row],[VALIDADE]] -> 46484 | K2: 0.15 | L2: APROVADO | M2: =VLOOKUP(EPI[[#This Row],[NOME]],'CADASTRO'!A:K,6,0) -> ATIVO | N2: EPI 07-04-2026
A3: INTERNO | B3: PIU JDE | C3: GUILHERME DOS REIS OLIVEIRA | D3: NR 06 EPI | E3: ALEX BARBARA | F3: =VLOOKUP(EPI[[#This Row],[NOME]],'CADASTRO'!A:K,5,0) -> TECNICO MECANICO II | G3: 45092 | H3: 365 | I3: =IF(EPI[[#This Row],[SITUAÇÃO]]="ATIVO", IF(EPI[[#This Row],[CONDIÇÃO]]="N.A.", "N.A.", IF(EPI[[#This Row],[CONDIÇÃO]]="REPROVADO", "REPROVADO", IF(EPI[[#This Row],[CONDIÇÃO]]="RECICLADO", "HISTORICO", IF(EPI[[#This Row],[CONDIÇÃO]]="SEM REGISTRO", "SEM REGISTRO", IF(G392="01/01/1900", "SEM REGISTRO", IF((G3+H3)>TODAY(), "NO PRAZO", "VENCIDO" ) ) ) ) ) ),"N.A.") -> HISTORICO | J3: =EPI[[#This Row],[TREINADO EM]]+EPI[[#This Row],[VALIDADE]] -> 45457 | K3: 1 | L3: RECICLADO | M3: =VLOOKUP(EPI[[#This Row],[NOME]],'CADASTRO'!A:K,6,0) -> ATIVO
A4: INTERNO | B4: PIU JDE | C4: ROMULO GONCALVES PEREIRA BRAGA | D4: NR 06 EPI | E4: ALEX BARBARA | F4: =VLOOKUP(EPI[[#This Row],[NOME]],'CADASTRO'!A:K,5,0) -> TECNICO MECANICO II | G4: 45279 | H4: 365 | I4: =IF(EPI[[#This Row],[SITUAÇÃO]]="ATIVO", IF(EPI[[#This Row],[CONDIÇÃO]]="N.A.", "N.A.", IF(EPI[[#This Row],[CONDIÇÃO]]="REPROVADO", "REPROVADO", IF(EPI[[#This Row],[CONDIÇÃO]]="RECICLADO", "HISTORICO", IF(EPI[[#This Row],[CONDIÇÃO]]="SEM REGISTRO", "SEM REGISTRO", IF(G393="01/01/1900", "SEM REGISTRO", IF((G4+H4)>TODAY(), "NO PRAZO", "VENCIDO" ) ) ) ) ) ),"N.A.") -> HISTORICO | J4: =EPI[[#This Row],[TREINADO EM]]+EPI[[#This Row],[VALIDADE]] -> 45644 | K4: 1 | L4: RECICLADO | M4: =VLOOKUP(EPI[[#This Row],[NOME]],'CADASTRO'!A:K,6,0) -> ATIVO
A5: INTERNO | B5: PIU JDE | C5: GUILHERME DOS REIS OLIVEIRA | D5: NR 06 EPI | E5: ALEX BARBARA | F5: =VLOOKUP(EPI[[#This Row],[NOME]],'CADASTRO'!A:K,5,0) -> TECNICO MECANICO II | G5: 46293 | H5: 365 | I5: =IF(EPI[[#This Row],[SITUAÇÃO]]="ATIVO", IF(EPI[[#This Row],[CONDIÇÃO]]="N.A.", "N.A.", IF(EPI[[#This Row],[CONDIÇÃO]]="REPROVADO", "REPROVADO", IF(EPI[[#This Row],[CONDIÇÃO]]="RECICLADO", "HISTORICO", IF(EPI[[#This Row],[CONDIÇÃO]]="SEM REGISTRO", "SEM REGISTRO", IF(G394="01/01/1900", "SEM REGISTRO", IF((G5+H5)>TODAY(), "NO PRAZO", "VENCIDO" ) ) ) ) ) ),"N.A.") -> NO PRAZO | J5: =EPI[[#This Row],[TREINADO EM]]+EPI[[#This Row],[VALIDADE]] -> 46658 | K5: 1 | L5: APROVADO | M5: =VLOOKUP(EPI[[#This Row],[NOME]],'CADASTRO'!A:K,6,0) -> ATIVO
A6: INTERNO | B6: PIU JDE | C6: GUILHERME DOS REIS OLIVEIRA | D6: NR 06 EPI | E6: ALEX SANDRO ALVES TEIXEIRA | F6: =VLOOKUP(EPI[[#This Row],[NOME]],'CADASTRO'!A:K,5,0) -> OPERADOR INDUSTRIAL II | G6: 44928 | H6: 365 | I6: =IF(EPI[[#This Row],[SITUAÇÃO]]="ATIVO", IF(EPI[[#This Row],[CONDIÇÃO]]="N.A.", "N.A.", IF(EPI[[#This Row],[CONDIÇÃO]]="REPROVADO", "REPROVADO", IF(EPI[[#This Row],[CONDIÇÃO]]="RECICLADO", "HISTORICO", IF(EPI[[#This Row],[CONDIÇÃO]]="SEM REGISTRO", "SEM REGISTRO", IF(G395="01/01/1900", "SEM REGISTRO", IF((G6+H6)>TODAY(), "NO PRAZO", "VENCIDO" ) ) ) ) ) ),"N.A.") -> HISTORICO | J6: =EPI[[#This Row],[TREINADO EM]]+EPI[[#This Row],[VALIDADE]] -> 45293 | K6: 1 | L6: RECICLADO | M6: =VLOOKUP(EPI[[#This Row],[NOME]],'CADASTRO'!A:K,6,0) -> ATIVO
A7: INTERNO | B7: PIU JDE | C7: ROMULO GONCALVES PEREIRA BRAGA | D7: NR 06 EPI | E7: ALEX SANDRO ALVES TEIXEIRA | F7: =VLOOKUP(EPI[[#This Row],[NOME]],'CADASTRO'!A:K,5,0) -> OPERADOR INDUSTRIAL II | G7: 45279 | H7: 365 | I7: =IF(EPI[[#This Row],[SITUAÇÃO]]="ATIVO", IF(EPI[[#This Row],[CONDIÇÃO]]="N.A.", "N.A.", IF(EPI[[#This Row],[CONDIÇÃO]]="REPROVADO", "REPROVADO", IF(EPI[[#This Row],[CONDIÇÃO]]="RECICLADO", "HISTORICO", IF(EPI[[#This Row],[CONDIÇÃO]]="SEM REGISTRO", "SEM REGISTRO", IF(G396="01/01/1900", "SEM REGISTRO", IF((G7+H7)>TODAY(), "NO PRAZO", "VENCIDO" ) ) ) ) ) ),"N.A.") -> HISTORICO | J7: =EPI[[#This Row],[TREINADO EM]]+EPI[[#This Row],[VALIDADE]] -> 45644 | K7: 1 | L7: RECICLADO | M7: =VLOOKUP(EPI[[#This Row],[NOME]],'CADASTRO'!A:K,6,0) -> ATIVO
A8: INTERNO | B8: PIU JDE | C8: GUILHERME DOS REIS OLIVEIRA | D8: NR 06 EPI | E8: ALEX SANDRO ALVES TEIXEIRA | F8: =VLOOKUP(EPI[[#This Row],[NOME]],'CADASTRO'!A:K,5,0) -> OPERADOR INDUSTRIAL II | G8: 45645 | H8: 365 | I8: =IF(EPI[[#This Row],[SITUAÇÃO]]="ATIVO", IF(EPI[[#This Row],[CONDIÇÃO]]="N.A.", "N.A.", IF(EPI[[#This Row],[CONDIÇÃO]]="REPROVADO", "REPROVADO", IF(EPI[[#This Row],[CONDIÇÃO]]="RECICLADO", "HISTORICO", IF(EPI[[#This Row],[CONDIÇÃO]]="SEM REGISTRO", "SEM REGISTRO", IF(G397="01/01/1900", "SEM REGISTRO", IF((G8+H8)>TODAY(), "NO PRAZO", "VENCIDO" ) ) ) ) ) ),"N.A.") -> HISTORICO | J8: =EPI[[#This Row],[TREINADO EM]]+EPI[[#This Row],[VALIDADE]] -> 46010 | K8: 1 | L8: RECICLADO | M8: =VLOOKUP(EPI[[#This Row],[NOME]],'CADASTRO'!A:K,6,0) -> ATIVO
A9: INTERNO | B9: PIU JDE | C9: GUILHERME DOS REIS OLIVEIRA | D9: NR 06 EPI | E9: ALEX SANDRO ALVES TEIXEIRA | F9: =VLOOKUP(EPI[[#This Row],[NOME]],'CADASTRO'!A:K,5,0) -> OPERADOR INDUSTRIAL II | G9: 46009 | H9: 365 | I9: =IF(EPI[[#This Row],[SITUAÇÃO]]="ATIVO", IF(EPI[[#This Row],[CONDIÇÃO]]="N.A.", "N.A.", IF(EPI[[#This Row],[CONDIÇÃO]]="REPROVADO", "REPROVADO", IF(EPI[[#This Row],[CONDIÇÃO]]="RECICLADO", "HISTORICO", IF(EPI[[#This Row],[CONDIÇÃO]]="SEM REGISTRO", "SEM REGISTRO", IF(G398="01/01/1900", "SEM REGISTRO", IF((G9+H9)>TODAY(), "NO PRAZO", "VENCIDO" ) ) ) ) ) ),"N.A.") -> HISTORICO | J9: =EPI[[#This Row],[TREINADO EM]]+EPI[[#This Row],[VALIDADE]] -> 46374 | K9: 1 | L9: RECICLADO | M9: =VLOOKUP(EPI[[#This Row],[NOME]],'CADASTRO'!A:K,6,0) -> ATIVO
A10: INTERNO | B10: PIU JDE | C10: GUILHERME DOS REIS OLIVEIRA | D10: NR 06 EPI | E10: ALEX SANDRO ALVES TEIXEIRA | F10: =VLOOKUP(EPI[[#This Row],[NOME]],'CADASTRO'!A:K,5,0) -> OPERADOR INDUSTRIAL II | G10: 46211.536 | H10: 183 | I10: =IF(EPI[[#This Row],[SITUAÇÃO]]="ATIVO", IF(EPI[[#This Row],[CONDIÇÃO]]="N.A.", "N.A.", IF(EPI[[#This Row],[CONDIÇÃO]]="REPROVADO", "REPROVADO", IF(EPI[[#This Row],[CONDIÇÃO]]="RECICLADO", "HISTORICO", IF(EPI[[#This Row],[CONDIÇÃO]]="SEM REGISTRO", "SEM REGISTRO", IF(G399="01/01/1900", "SEM REGISTRO", IF((G10+H10)>TODAY(), "NO PRAZO", "VENCIDO" ) ) ) ) ) ),"N.A.") -> NO PRAZO | J10: =EPI[[#This Row],[TREINADO EM]]+EPI[[#This Row],[VALIDADE]] -> 46394.536 | K10: 1 | L10: APROVADO | M10: =VLOOKUP(EPI[[#This Row],[NOME]],'CADASTRO'!A:K,6,0) -> ATIVO | N10: 12-05-2026 EPI
A11: INTERNO | B11: PIU JDE | C11: ROMULO GONCALVES PEREIRA BRAGA | D11: NR 06 EPI | E11: ALEX WILSON JOSE BERNARDES | F11: =VLOOKUP(EPI[[#This Row],[NOME]],'CADASTRO'!A:K,5,0) -> OPERADOR LOGISTICO I | G11: 45253 | H11: 365 | I11: =IF(EPI[[#This Row],[SITUAÇÃO]]="ATIVO", IF(EPI[[#This Row],[CONDIÇÃO]]="N.A.", "N.A.", IF(EPI[[#This Row],[CONDIÇÃO]]="REPROVADO", "REPROVADO", IF(EPI[[#This Row],[CONDIÇÃO]]="RECICLADO", "HISTORICO", IF(EPI[[#This Row],[CONDIÇÃO]]="SEM REGISTRO", "SEM REGISTRO", IF(G400="01/01/1900", "SEM REGISTRO", IF((G11+H11)>TODAY(), "NO PRAZO", "VENCIDO" ) ) ) ) ) ),"N.A.") -> N.A. | J11: =EPI[[#This Row],[TREINADO EM]]+EPI[[#This Row],[VALIDADE]] -> 45618 | K11: 1 | L11: RECICLADO | M11: =VLOOKUP(EPI[[#This Row],[NOME]],'CADASTRO'!A:K,6,0) -> DESLIGADO
A12: INTERNO | B12: PIU JDE | C12: ROMULO GONCALVES PEREIRA BRAGA | D12: NR 06 EPI | E12: ALEX WILSON JOSE BERNARDES | F12: =VLOOKUP(EPI[[#This Row],[NOME]],'CADASTRO'!A:K,5,0) -> OPERADOR LOGISTICO I | G12: 45279 | H12: 365 | I12: =IF(EPI[[#This Row],[SITUAÇÃO]]="ATIVO", IF(EPI[[#This Row],[CONDIÇÃO]]="N.A.", "N.A.", IF(EPI[[#This Row],[CONDIÇÃO]]="REPROVADO", "REPROVADO", IF(EPI[[#This Row],[CONDIÇÃO]]="RECICLADO", "HISTORICO", IF(EPI[[#This Row],[CONDIÇÃO]]="SEM REGISTRO", "SEM REGISTRO", IF(G401="01/01/1900", "SEM REGISTRO", IF((G12+H12)>TODAY(), "NO PRAZO", "VENCIDO" ) ) ) ) ) ),"N.A.") -> N.A. | J12: =EPI[[#This Row],[TREINADO EM]]+EPI[[#This Row],[VALIDADE]] -> 45644 | K12: 1 | L12: RECICLADO | M12: =VLOOKUP(EPI[[#This Row],[NOME]],'CADASTRO'!A:K,6,0) -> DESLIGADO
A13: INTERNO | B13: PIU JDE | C13: TIAGO TEIXEIRA DE CARVALHO | D13: NR 06 EPI | E13: ALEX WILSON JOSE BERNARDES | F13: =VLOOKUP(EPI[[#This Row],[NOME]],'CADASTRO'!A:K,5,0) -> OPERADOR LOGISTICO I | G13: 45645 | H13: 365 | I13: =IF(EPI[[#This Row],[SITUAÇÃO]]="ATIVO", IF(EPI[[#This Row],[CONDIÇÃO]]="N.A.", "N.A.", IF(EPI[[#This Row],[CONDIÇÃO]]="REPROVADO", "REPROVADO", IF(EPI[[#This Row],[CONDIÇÃO]]="RECICLADO", "HISTORICO", IF(EPI[[#This Row],[CONDIÇÃO]]="SEM REGISTRO", "SEM REGISTRO", IF(G402="01/01/1900", "SEM REGISTRO", IF((G13+H13)>TODAY(), "NO PRAZO", "VENCIDO" ) ) ) ) ) ),"N.A.") -> N.A. | J13: =EPI[[#This Row],[TREINADO EM]]+EPI[[#This Row],[VALIDADE]] -> 46010 | K13: 1 | L13: RECICLADO | M13: =VLOOKUP(EPI[[#This Row],[NOME]],'CADASTRO'!A:K,6,0) -> DESLIGADO
A14: INTERNO | B14: PIU JDE | C14: GUILHERME DOS REIS OLIVEIRA | D14: NR 06 EPI | E14: ALEX WILSON JOSE BERNARDES | F14: =VLOOKUP(EPI[[#This Row],[NOME]],'CADASTRO'!A:K,5,0) -> OPERADOR LOGISTICO I | G14: 46009 | H14: 365 | I14: =IF(EPI[[#This Row],[SITUAÇÃO]]="ATIVO", IF(EPI[[#This Row],[CONDIÇÃO]]="N.A.", "N.A.", IF(EPI[[#This Row],[CONDIÇÃO]]="REPROVADO", "REPROVADO", IF(EPI[[#This Row],[CONDIÇÃO]]="RECICLADO", "HISTORICO", IF(EPI[[#This Row],[CONDIÇÃO]]="SEM REGISTRO", "SEM REGISTRO", IF(G403="01/01/1900", "SEM REGISTRO", IF((G14+H14)>TODAY(), "NO PRAZO", "VENCIDO" ) ) ) ) ) ),"N.A.") -> N.A. | J14: =EPI[[#This Row],[TREINADO EM]]+EPI[[#This Row],[VALIDADE]] -> 46374 | K14: 1 | L14: APROVADO | M14: =VLOOKUP(EPI[[#This Row],[NOME]],'CADASTRO'!A:K,6,0) -> DESLIGADO | N14: EPI 18-12-2025
A15: INTERNO | B15: PIU JDE | C15: GUILHERME DOS REIS OLIVEIRA | D15: NR 06 EPI | E15: ALEXANDRE BATISTA DE OLIVEIRA | F15: =VLOOKUP(EPI[[#This Row],[NOME]],'CADASTRO'!A:K,5,0) -> TECNICO MECANICO III | G15: 44928 | H15: 365 | I15: =IF(EPI[[#This Row],[SITUAÇÃO]]="ATIVO", IF(EPI[[#This Row],[CONDIÇÃO]]="N.A.", "N.A.", IF(EPI[[#This Row],[CONDIÇÃO]]="REPROVADO", "REPROVADO", IF(EPI[[#This Row],[CONDIÇÃO]]="RECICLADO", "HISTORICO", IF(EPI[[#This Row],[CONDIÇÃO]]="SEM REGISTRO", "SEM REGISTRO", IF(G404="01/01/1900", "SEM REGISTRO", IF((G15+H15)>TODAY(), "NO PRAZO", "VENCIDO" ) ) ) ) ) ),"N.A.") -> HISTORICO | J15: =EPI[[#This Row],[TREINADO EM]]+EPI[[#This Row],[VALIDADE]] -> 45293 | K15: 1 | L15: RECICLADO | M15: =VLOOKUP(EPI[[#This Row],[NOME]],'CADASTRO'!A:K,6,0) -> ATIVO
A16: INTERNO | B16: PIU JDE | C16: ROMULO GONCALVES PEREIRA BRAGA | D16: NR 06 EPI | E16: ALEXANDRE BATISTA DE OLIVEIRA | F16: =VLOOKUP(EPI[[#This Row],[NOME]],'CADASTRO'!A:K,5,0) -> TECNICO MECANICO III | G16: 45358 | H16: 365 | I16: =IF(EPI[[#This Row],[SITUAÇÃO]]="ATIVO", IF(EPI[[#This Row],[CONDIÇÃO]]="N.A.", "N.A.", IF(EPI[[#This Row],[CONDIÇÃO]]="REPROVADO", "REPROVADO", IF(EPI[[#This Row],[CONDIÇÃO]]="RECICLADO", "HISTORICO", IF(EPI[[#This Row],[CONDIÇÃO]]="SEM REGISTRO", "SEM REGISTRO", IF(G405="01/01/1900", "SEM REGISTRO", IF((G16+H16)>TODAY(), "NO PRAZO", "VENCIDO" ) ) ) ) ) ),"N.A.") -> HISTORICO | J16: =EPI[[#This Row],[TREINADO EM]]+EPI[[#This Row],[VALIDADE]] -> 45723 | K16: 1 | L16: RECICLADO | M16: =VLOOKUP(EPI[[#This Row],[NOME]],'CADASTRO'!A:K,6,0) -> ATIVO
A17: INTERNO | B17: PIU JDE | C17: GUILHERME DOS REIS OLIVEIRA | D17: NR 06 EPI | E17: ALEXANDRE BATISTA DE OLIVEIRA | F17: =VLOOKUP(EPI[[#This Row],[NOME]],'CADASTRO'!A:K,5,0) -> TECNICO MECANICO III | G17: 45645 | H17: 365 | I17: =IF(EPI[[#This Row],[SITUAÇÃO]]="ATIVO", IF(EPI[[#This Row],[CONDIÇÃO]]="N.A.", "N.A.", IF(EPI[[#This Row],[CONDIÇÃO]]="REPROVADO", "REPROVADO", IF(EPI[[#This Row],[CONDIÇÃO]]="RECICLADO", "HISTORICO", IF(EPI[[#This Row],[CONDIÇÃO]]="SEM REGISTRO", "SEM REGISTRO", IF(G406="01/01/1900", "SEM REGISTRO", IF((G17+H17)>TODAY(), "NO PRAZO", "VENCIDO" ) ) ) ) ) ),"N.A.") -> HISTORICO | J17: =EPI[[#This Row],[TREINADO EM]]+EPI[[#This Row],[VALIDADE]] -> 46010 | K17: 1 | L17: RECICLADO | M17: =VLOOKUP(EPI[[#This Row],[NOME]],'CADASTRO'!A:K,6,0) -> ATIVO
A18: INTERNO | B18: PIU JDE | C18: GUILHERME DOS REIS OLIVEIRA | D18: NR 06 EPI | E18: ALEXANDRE BATISTA DE OLIVEIRA | F18: =VLOOKUP(EPI[[#This Row],[NOME]],'CADASTRO'!A:K,5,0) -> TECNICO MECANICO III | G18: 46211.567 | H18: 183 | I18: =IF(EPI[[#This Row],[SITUAÇÃO]]="ATIVO", IF(EPI[[#This Row],[CONDIÇÃO]]="N.A.", "N.A.", IF(EPI[[#This Row],[CONDIÇÃO]]="REPROVADO", "REPROVADO", IF(EPI[[#This Row],[CONDIÇÃO]]="RECICLADO", "HISTORICO", IF(EPI[[#This Row],[CONDIÇÃO]]="SEM REGISTRO", "SEM REGISTRO", IF(G407="01/01/1900", "SEM REGISTRO", IF((G18+H18)>TODAY(), "NO PRAZO", "VENCIDO" ) ) ) ) ) ),"N.A.") -> NO PRAZO | J18: =EPI[[#This Row],[TREINADO EM]]+EPI[[#This Row],[VALIDADE]] -> 46394.567 | K18: 1 | L18: APROVADO | M18: =VLOOKUP(EPI[[#This Row],[NOME]],'CADASTRO'!A:K,6,0) -> ATIVO | N18: 12-05-2026 EPI
A19: INTERNO | B19: PIU JDE | C19: GUILHERME DOS REIS OLIVEIRA | D19: NR 06 EPI | E19: ALEXANDRE DE ASSIS DA COSTA | F19: =VLOOKUP(EPI[[#This Row],[NOME]],'CADASTRO'!A:K,5,0) -> TECNICO MECANICO II | G19: 44928 | H19: 365 | I19: =IF(EPI[[#This Row],[SITUAÇÃO]]="ATIVO", IF(EPI[[#This Row],[CONDIÇÃO]]="N.A.", "N.A.", IF(EPI[[#This Row],[CONDIÇÃO]]="REPROVADO", "REPROVADO", IF(EPI[[#This Row],[CONDIÇÃO]]="RECICLADO", "HISTORICO", IF(EPI[[#This Row],[CONDIÇÃO]]="SEM REGISTRO", "SEM REGISTRO", IF(G408="01/01/1900", "SEM REGISTRO", IF((G19+H19)>TODAY(), "NO PRAZO", "VENCIDO" ) ) ) ) ) ),"N.A.") -> HISTORICO | J19: =EPI[[#This Row],[TREINADO EM]]+EPI[[#This Row],[VALIDADE]] -> 45293 | K19: 1 | L19: RECICLADO | M19: =VLOOKUP(EPI[[#This Row],[NOME]],'CADASTRO'!A:K,6,0) -> ATIVO
A20: INTERNO | B20: PIU JDE | C20: ROMULO GONCALVES PEREIRA BRAGA | D20: NR 06 EPI | E20: ALEXANDRE DE ASSIS DA COSTA | F20: =VLOOKUP(EPI[[#This Row],[NOME]],'CADASTRO'!A:K,5,0) -> TECNICO MECANICO II | G20: 45279 | H20: 365 | I20: =IF(EPI[[#This Row],[SITUAÇÃO]]="ATIVO", IF(EPI[[#This Row],[CONDIÇÃO]]="N.A.", "N.A.", IF(EPI[[#This Row],[CONDIÇÃO]]="REPROVADO", "REPROVADO", IF(EPI[[#This Row],[CONDIÇÃO]]="RECICLADO", "HISTORICO", IF(EPI[[#This Row],[CONDIÇÃO]]="SEM REGISTRO", "SEM REGISTRO", IF(G409="01/01/1900", "SEM REGISTRO", IF((G20+H20)>TODAY(), "NO PRAZO", "VENCIDO" ) ) ) ) ) ),"N.A.") -> HISTORICO | J20: =EPI[[#This Row],[TREINADO EM]]+EPI[[#This Row],[VALIDADE]] -> 45644 | K20: 1 | L20: RECICLADO | M20: =VLOOKUP(EPI[[#This Row],[NOME]],'CADASTRO'!A:K,6,0) -> ATIVO
A21: INTERNO | B21: PIU JDE | C21: GUILHERME DOS REIS OLIVEIRA | D21: NR 06 EPI | E21: ALEXANDRE DE ASSIS DA COSTA | F21: =VLOOKUP(EPI[[#This Row],[NOME]],'CADASTRO'!A:K,5,0) -> TECNICO MECANICO II | G21: 45645 | H21: 365 | I21: =IF(EPI[[#This Row],[SITUAÇÃO]]="ATIVO", IF(EPI[[#This Row],[CONDIÇÃO]]="N.A.", "N.A.", IF(EPI[[#This Row],[CONDIÇÃO]]="REPROVADO", "REPROVADO", IF(EPI[[#This Row],[CONDIÇÃO]]="RECICLADO", "HISTORICO", IF(EPI[[#This Row],[CONDIÇÃO]]="SEM REGISTRO", "SEM REGISTRO", IF(G410="01/01/1900", "SEM REGISTRO", IF((G21+H21)>TODAY(), "NO PRAZO", "VENCIDO" ) ) ) ) ) ),"N.A.") -> HISTORICO | J21: =EPI[[#This Row],[TREINADO EM]]+EPI[[#This Row],[VALIDADE]] -> 46010 | K21: 1 | L21: RECICLADO | M21: =VLOOKUP(EPI[[#This Row],[NOME]],'CADASTRO'!A:K,6,0) -> ATIVO
A22: INTERNO | B22: PIU JDE | C22: GUILHERME DOS REIS OLIVEIRA | D22: NR 06 EPI | E22: ALEXANDRE DE ASSIS DA COSTA | F22: =VLOOKUP(EPI[[#This Row],[NOME]],'CADASTRO'!A:K,5,0) -> TECNICO MECANICO II | G22: 46211.982 | H22: 183 | I22: =IF(EPI[[#This Row],[SITUAÇÃO]]="ATIVO", IF(EPI[[#This Row],[CONDIÇÃO]]="N.A.", "N.A.", IF(EPI[[#This Row],[CONDIÇÃO]]="REPROVADO", "REPROVADO", IF(EPI[[#This Row],[CONDIÇÃO]]="RECICLADO", "HISTORICO", IF(EPI[[#This Row],[CONDIÇÃO]]="SEM REGISTRO", "SEM REGISTRO", IF(G411="01/01/1900", "SEM REGISTRO", IF((G22+H22)>TODAY(), "NO PRAZO", "VENCIDO" ) ) ) ) ) ),"N.A.") -> NO PRAZO | J22: =EPI[[#This Row],[TREINADO EM]]+EPI[[#This Row],[VALIDADE]] -> 46394.982 | K22: 1 | L22: APROVADO | M22: =VLOOKUP(EPI[[#This Row],[NOME]],'CADASTRO'!A:K,6,0) -> ATIVO | N22: 12-05-2026 EPI
A23: INTERNO | B23: PIU JDE | C23: GUILHERME DOS REIS OLIVEIRA | D23: NR 06 EPI | E23: ALICE RAMOS MORAIS | F23: =VLOOKUP(EPI[[#This Row],[NOME]],'CADASTRO'!A:K,5,0) -> ANALISTA GESTAO QUALIDADE PL | G23: 46098 | H23: 365 | I23: =IF(EPI[[#This Row],[SITUAÇÃO]]="ATIVO", IF(EPI[[#This Row],[CONDIÇÃO]]="N.A.", "N.A.", IF(EPI[[#This Row],[CONDIÇÃO]]="REPROVADO", "REPROVADO", IF(EPI[[#This Row],[CONDIÇÃO]]="RECICLADO", "HISTORICO", IF(EPI[[#This Row],[CONDIÇÃO]]="SEM REGISTRO", "SEM REGISTRO", IF(G412="01/01/1900", "SEM REGISTRO", IF((G23+H23)>TODAY(), "NO PRAZO", "VENCIDO" ) ) ) ) ) ),"N.A.") -> NO PRAZO | J23: =EPI[[#This Row],[TREINADO EM]]+EPI[[#This Row],[VALIDADE]] -> 46463 | K23: 1 | L23: APROVADO | M23: =VLOOKUP(EPI[[#This Row],[NOME]],'CADASTRO'!A:K,6,0) -> ATIVO | N23: EPI 17-03-2026
A24: INTERNO | B24: PIU JDE | C24: GUILHERME DOS REIS OLIVEIRA | D24: NR 06 EPI | E24: ALINE FERNANDES | F24: =VLOOKUP(EPI[[#This Row],[NOME]],'CADASTRO'!A:K,5,0) -> ASSISTENTE ADMINISTRATIVO | G24: 45274 | H24: 365 | I24: =IF(EPI[[#This Row],[SITUAÇÃO]]="ATIVO", IF(EPI[[#This Row],[CONDIÇÃO]]="N.A.", "N.A.", IF(EPI[[#This Row],[CONDIÇÃO]]="REPROVADO", "REPROVADO", IF(EPI[[#This Row],[CONDIÇÃO]]="RECICLADO", "HISTORICO", IF(EPI[[#This Row],[CONDIÇÃO]]="SEM REGISTRO", "SEM REGISTRO", IF(G413="01/01/1900", "SEM REGISTRO", IF((G24+H24)>TODAY(), "NO PRAZO", "VENCIDO" ) ) ) ) ) ),"N.A.") -> HISTORICO | J24: =EPI[[#This Row],[TREINADO EM]]+EPI[[#This Row],[VALIDADE]] -> 45639 | K24: 1 | L24: RECICLADO | M24: =VLOOKUP(EPI[[#This Row],[NOME]],'CADASTRO'!A:K,6,0) -> ATIVO
A25: INTERNO | B25: PIU JDE | C25: GUILHERME DOS REIS OLIVEIRA | D25: NR 06 EPI | E25: ALINE FERNANDES | F25: =VLOOKUP(EPI[[#This Row],[NOME]],'CADASTRO'!A:K,5,0) -> ASSISTENTE ADMINISTRATIVO | G25: 45826 | H25: 365 | I25: =IF(EPI[[#This Row],[SITUAÇÃO]]="ATIVO", IF(EPI[[#This Row],[CONDIÇÃO]]="N.A.", "N.A.", IF(EPI[[#This Row],[CONDIÇÃO]]="REPROVADO", "REPROVADO", IF(EPI[[#This Row],[CONDIÇÃO]]="RECICLADO", "HISTORICO", IF(EPI[[#This Row],[CONDIÇÃO]]="SEM REGISTRO", "SEM REGISTRO", IF(G414="01/01/1900", "SEM REGISTRO", IF((G25+H25)>TODAY(), "NO PRAZO", "VENCIDO" ) ) ) ) ) ),"N.A.") -> HISTORICO | J25: =EPI[[#This Row],[TREINADO EM]]+EPI[[#This Row],[VALIDADE]] -> 46191 | K25: 1 | L25: RECICLADO | M25: =VLOOKUP(EPI[[#This Row],[NOME]],'CADASTRO'!A:K,6,0) -> ATIVO
A26: INTERNO | B26: PIU JDE | C26: GUILHERME DOS REIS OLIVEIRA | D26: NR 06 EPI | E26: ALINE FERNANDES | F26: =VLOOKUP(EPI[[#This Row],[NOME]],'CADASTRO'!A:K,5,0) -> ASSISTENTE ADMINISTRATIVO | G26: 46176 | H26: 365 | I26: =IF(EPI[[#This Row],[SITUAÇÃO]]="ATIVO", IF(EPI[[#This Row],[CONDIÇÃO]]="N.A.", "N.A.", IF(EPI[[#This Row],[CONDIÇÃO]]="REPROVADO", "REPROVADO", IF(EPI[[#This Row],[CONDIÇÃO]]="RECICLADO", "HISTORICO", IF(EPI[[#This Row],[CONDIÇÃO]]="SEM REGISTRO", "SEM REGISTRO", IF(G415="01/01/1900", "SEM REGISTRO", IF((G26+H26)>TODAY(), "NO PRAZO", "VENCIDO" ) ) ) ) ) ),"N.A.") -> NO PRAZO | J26: =EPI[[#This Row],[TREINADO EM]]+EPI[[#This Row],[VALIDADE]] -> 46541 | K26: 1 | L26: APROVADO | M26: =VLOOKUP(EPI[[#This Row],[NOME]],'CADASTRO'!A:K,6,0) -> ATIVO | N26: 12-05-2026 EPI
A27: INTERNO | B27: PIU JDE | C27: GUILHERME DOS REIS OLIVEIRA | D27: NR 06 EPI | E27: ANA BEATRIZ LIMA SILVA | F27: =VLOOKUP(EPI[[#This Row],[NOME]],'CADASTRO'!A:K,5,0) -> ESTAGIARIO | G27: 46182 | H27: 365 | I27: =IF(EPI[[#This Row],[SITUAÇÃO]]="ATIVO", IF(EPI[[#This Row],[CONDIÇÃO]]="N.A.", "N.A.", IF(EPI[[#This Row],[CONDIÇÃO]]="REPROVADO", "REPROVADO", IF(EPI[[#This Row],[CONDIÇÃO]]="RECICLADO", "HISTORICO", IF(EPI[[#This Row],[CONDIÇÃO]]="SEM REGISTRO", "SEM REGISTRO", IF(G416="01/01/1900", "SEM REGISTRO", IF((G27+H27)>TODAY(), "NO PRAZO", "VENCIDO" ) ) ) ) ) ),"N.A.") -> NO PRAZO | J27: =EPI[[#This Row],[TREINADO EM]]+EPI[[#This Row],[VALIDADE]] -> 46547 | K27: 1 | L27: APROVADO | M27: =VLOOKUP(EPI[[#This Row],[NOME]],'CADASTRO'!A:K,6,0) -> ATIVO | N27: 12-05-2026 EPI
A28: INTERNO | B28: PIU JDE | C28: GUILHERME DOS REIS OLIVEIRA | D28: NR 06 EPI | E28: ANA CAROLLINE SIQUEIRA MARTINS | F28: =VLOOKUP(EPI[[#This Row],[NOME]],'CADASTRO'!A:K,5,0) -> ASSISTENTE ADMINISTRATIVO | G28: 45826 | H28: 365 | I28: =IF(EPI[[#This Row],[SITUAÇÃO]]="ATIVO", IF(EPI[[#This Row],[CONDIÇÃO]]="N.A.", "N.A.", IF(EPI[[#This Row],[CONDIÇÃO]]="REPROVADO", "REPROVADO", IF(EPI[[#This Row],[CONDIÇÃO]]="RECICLADO", "HISTORICO", IF(EPI[[#This Row],[CONDIÇÃO]]="SEM REGISTRO", "SEM REGISTRO", IF(G417="01/01/1900", "SEM REGISTRO", IF((G28+H28)>TODAY(), "NO PRAZO", "VENCIDO" ) ) ) ) ) ),"N.A.") -> HISTORICO | J28: =EPI[[#This Row],[TREINADO EM]]+EPI[[#This Row],[VALIDADE]] -> 46191 | K28: 1 | L28: RECICLADO | M28: =VLOOKUP(EPI[[#This Row],[NOME]],'CADASTRO'!A:K,6,0) -> ATIVO
A29: INTERNO | B29: PIU JDE | C29: GUILHERME DOS REIS OLIVEIRA | D29: NR 06 EPI | E29: ANA CAROLLINE SIQUEIRA MARTINS | F29: =VLOOKUP(EPI[[#This Row],[NOME]],'CADASTRO'!A:K,5,0) -> ASSISTENTE ADMINISTRATIVO | G29: 45882 | H29: 365 | I29: =IF(EPI[[#This Row],[SITUAÇÃO]]="ATIVO", IF(EPI[[#This Row],[CONDIÇÃO]]="N.A.", "N.A.", IF(EPI[[#This Row],[CONDIÇÃO]]="REPROVADO", "REPROVADO", IF(EPI[[#This Row],[CONDIÇÃO]]="RECICLADO", "HISTORICO", IF(EPI[[#This Row],[CONDIÇÃO]]="SEM REGISTRO", "SEM REGISTRO", IF(G418="01/01/1900", "SEM REGISTRO", IF((G29+H29)>TODAY(), "NO PRAZO", "VENCIDO" ) ) ) ) ) ),"N.A.") -> HISTORICO | J29: =EPI[[#This Row],[TREINADO EM]]+EPI[[#This Row],[VALIDADE]] -> 46247 | K29: 1 | L29: RECICLADO | M29: =VLOOKUP(EPI[[#This Row],[NOME]],'CADASTRO'!A:K,6,0) -> ATIVO
A30: INTERNO | B30: PIU JDE | C30: GUILHERME DOS REIS OLIVEIRA | D30: NR 06 EPI | E30: ANA CAROLLINE SIQUEIRA MARTINS | F30: =VLOOKUP(EPI[[#This Row],[NOME]],'CADASTRO'!A:K,5,0) -> ASSISTENTE ADMINISTRATIVO | G30: 46269.583 | H30: 365 | I30: =IF(EPI[[#This Row],[SITUAÇÃO]]="ATIVO", IF(EPI[[#This Row],[CONDIÇÃO]]="N.A.", "N.A.", IF(EPI[[#This Row],[CONDIÇÃO]]="REPROVADO", "REPROVADO", IF(EPI[[#This Row],[CONDIÇÃO]]="RECICLADO", "HISTORICO", IF(EPI[[#This Row],[CONDIÇÃO]]="SEM REGISTRO", "SEM REGISTRO", IF(G419="01/01/1900", "SEM REGISTRO", IF((G30+H30)>TODAY(), "NO PRAZO", "VENCIDO" ) ) ) ) ) ),"N.A.") -> NO PRAZO | J30: =EPI[[#This Row],[TREINADO EM]]+EPI[[#This Row],[VALIDADE]] -> 46634.583 | K30: 1 | L30: APROVADO | M30: =VLOOKUP(EPI[[#This Row],[NOME]],'CADASTRO'!A:K,6,0) -> ATIVO | N30: 04-092026 EPI
A31: INTERNO | B31: PIU JDE | C31: GUILHERME DOS REIS OLIVEIRA | D31: NR 06 EPI | E31: ANA JULIA COSTA SILVA | F31: =VLOOKUP(EPI[[#This Row],[NOME]],'CADASTRO'!A:K,5,0) -> OPERADOR INDUSTRIAL I | G31: 45812 | H31: 365 | I31: =IF(EPI[[#This Row],[SITUAÇÃO]]="ATIVO", IF(EPI[[#This Row],[CONDIÇÃO]]="N.A.", "N.A.", IF(EPI[[#This Row],[CONDIÇÃO]]="REPROVADO", "REPROVADO", IF(EPI[[#This Row],[CONDIÇÃO]]="RECICLADO", "HISTORICO", IF(EPI[[#This Row],[CONDIÇÃO]]="SEM REGISTRO", "SEM REGISTRO", IF(G420="01/01/1900", "SEM REGISTRO", IF((G31+H31)>TODAY(), "NO PRAZO", "VENCIDO" ) ) ) ) ) ),"N.A.") -> HISTORICO | J31: =EPI[[#This Row],[TREINADO EM]]+EPI[[#This Row],[VALIDADE]] -> 46177 | K31: 1 | L31: RECICLADO | M31: =VLOOKUP(EPI[[#This Row],[NOME]],'CADASTRO'!A:K,6,0) -> ATIVO
A32: INTERNO | B32: PIU JDE | C32: GUILHERME DOS REIS OLIVEIRA | D32: NR 06 EPI | E32: ANA JULIA COSTA SILVA | F32: =VLOOKUP(EPI[[#This Row],[NOME]],'CADASTRO'!A:K,5,0) -> OPERADOR INDUSTRIAL I | G32: 46009 | H32: 365 | I32: =IF(EPI[[#This Row],[SITUAÇÃO]]="ATIVO", IF(EPI[[#This Row],[CONDIÇÃO]]="N.A.", "N.A.", IF(EPI[[#This Row],[CONDIÇÃO]]="REPROVADO", "REPROVADO", IF(EPI[[#This Row],[CONDIÇÃO]]="RECICLADO", "HISTORICO", IF(EPI[[#This Row],[CONDIÇÃO]]="SEM REGISTRO", "SEM REGISTRO", IF(G421="01/01/1900", "SEM REGISTRO", IF((G32+H32)>TODAY(), "NO PRAZO", "VENCIDO" ) ) ) ) ) ),"N.A.") -> NO PRAZO | J32: =EPI[[#This Row],[TREINADO EM]]+EPI[[#This Row],[VALIDADE]] -> 46374 | K32: 1 | L32: APROVADO | M32: =VLOOKUP(EPI[[#This Row],[NOME]],'CADASTRO'!A:K,6,0) -> ATIVO | N32: EPI 18-12-2025
A33: INTERNO | B33: PIU JDE | C33: GUILHERME DOS REIS OLIVEIRA | D33: NR 06 EPI | E33: ANA JULIA FARIA REZENDE | F33: =VLOOKUP(EPI[[#This Row],[NOME]],'CADASTRO'!A:K,5,0) -> ESTAGIARIO | G33: 45064 | H33: 365 | I33: =IF(EPI[[#This Row],[SITUAÇÃO]]="ATIVO", IF(EPI[[#This Row],[CONDIÇÃO]]="N.A.", "N.A.", IF(EPI[[#This Row],[CONDIÇÃO]]="REPROVADO", "REPROVADO", IF(EPI[[#This Row],[CONDIÇÃO]]="RECICLADO", "HISTORICO", IF(EPI[[#This Row],[CONDIÇÃO]]="SEM REGISTRO", "SEM REGISTRO", IF(G422="01/01/1900", "SEM REGISTRO", IF((G33+H33)>TODAY(), "NO PRAZO", "VENCIDO" ) ) ) ) ) ),"N.A.") -> N.A. | J33: =EPI[[#This Row],[TREINADO EM]]+EPI[[#This Row],[VALIDADE]] -> 45429 | K33: 1 | L33: APROVADO | M33: =VLOOKUP(EPI[[#This Row],[NOME]],'CADASTRO'!A:K,6,0) -> DESLIGADO
A34: INTERNO | B34: PIU JDE | C34: GUILHERME DOS REIS OLIVEIRA | D34: NR 06 EPI | E34: ANA LUISA FIGUEIREDO SILVA | F34: =VLOOKUP(EPI[[#This Row],[NOME]],'CADASTRO'!A:K,5,0) -> ASSISTENTE ADMINISTRATIVO | G34: 46126 | H34: 365 | I34: =IF(EPI[[#This Row],[SITUAÇÃO]]="ATIVO", IF(EPI[[#This Row],[CONDIÇÃO]]="N.A.", "N.A.", IF(EPI[[#This Row],[CONDIÇÃO]]="REPROVADO", "REPROVADO", IF(EPI[[#This Row],[CONDIÇÃO]]="RECICLADO", "HISTORICO", IF(EPI[[#This Row],[CONDIÇÃO]]="SEM REGISTRO", "SEM REGISTRO", IF(G423="01/01/1900", "SEM REGISTRO", IF((G34+H34)>TODAY(), "NO PRAZO", "VENCIDO" ) ) ) ) ) ),"N.A.") -> NO PRAZO | J34: =EPI[[#This Row],[TREINADO EM]]+EPI[[#This Row],[VALIDADE]] -> 46491 | K34: 1 | L34: APROVADO | M34: =VLOOKUP(EPI[[#This Row],[NOME]],'CADASTRO'!A:K,6,0) -> ATIVO
A35: INTERNO | B35: PIU JDE | C35: GUILHERME DOS REIS OLIVEIRA | D35: NR 06 EPI | E35: ANA LUISA SOARES PEREIRA | F35: =VLOOKUP(EPI[[#This Row],[NOME]],'CADASTRO'!A:K,5,0) -> ANALISTA FACILITIES | G35: 45092 | H35: 365 | I35: =IF(EPI[[#This Row],[SITUAÇÃO]]="ATIVO", IF(EPI[[#This Row],[CONDIÇÃO]]="N.A.", "N.A.", IF(EPI[[#This Row],[CONDIÇÃO]]="REPROVADO", "REPROVADO", IF(EPI[[#This Row],[CONDIÇÃO]]="RECICLADO", "HISTORICO", IF(EPI[[#This Row],[CONDIÇÃO]]="SEM REGISTRO", "SEM REGISTRO", IF(G424="01/01/1900", "SEM REGISTRO", IF((G35+H35)>TODAY(), "NO PRAZO", "VENCIDO" ) ) ) ) ) ),"N.A.") -> HISTORICO | J35: =EPI[[#This Row],[TREINADO EM]]+EPI[[#This Row],[VALIDADE]] -> 45457 | K35: 1 | L35: RECICLADO | M35: =VLOOKUP(EPI[[#This Row],[NOME]],'CADASTRO'!A:K,6,0) -> ATIVO
A36: INTERNO | B36: PIU JDE | C36: GUILHERME DOS REIS OLIVEIRA | D36: NR 06 EPI | E36: ANA LUISA SOARES PEREIRA | F36: =VLOOKUP(EPI[[#This Row],[NOME]],'CADASTRO'!A:K,5,0) -> ANALISTA FACILITIES | G36: 45547 | H36: 365 | I36: =IF(EPI[[#This Row],[SITUAÇÃO]]="ATIVO", IF(EPI[[#This Row],[CONDIÇÃO]]="N.A.", "N.A.", IF(EPI[[#This Row],[CONDIÇÃO]]="REPROVADO", "REPROVADO", IF(EPI[[#This Row],[CONDIÇÃO]]="RECICLADO", "HISTORICO", IF(EPI[[#This Row],[CONDIÇÃO]]="SEM REGISTRO", "SEM REGISTRO", IF(G425="01/01/1900", "SEM REGISTRO", IF((G36+H36)>TODAY(), "NO PRAZO", "VENCIDO" ) ) ) ) ) ),"N.A.") -> HISTORICO | J36: =EPI[[#This Row],[TREINADO EM]]+EPI[[#This Row],[VALIDADE]] -> 45912 | K36: 1 | L36: RECICLADO | M36: =VLOOKUP(EPI[[#This Row],[NOME]],'CADASTRO'!A:K,6,0) -> ATIVO
A37: INTERNO | B37: PIU JDE | C37: GUILHERME DOS REIS OLIVEIRA | D37: NR 06 EPI | E37: ANA LUISA SOARES PEREIRA | F37: =VLOOKUP(EPI[[#This Row],[NOME]],'CADASTRO'!A:K,5,0) -> ANALISTA FACILITIES | G37: 45903 | H37: 365 | I37: =IF(EPI[[#This Row],[SITUAÇÃO]]="ATIVO", IF(EPI[[#This Row],[CONDIÇÃO]]="N.A.", "N.A.", IF(EPI[[#This Row],[CONDIÇÃO]]="REPROVADO", "REPROVADO", IF(EPI[[#This Row],[CONDIÇÃO]]="RECICLADO", "HISTORICO", IF(EPI[[#This Row],[CONDIÇÃO]]="SEM REGISTRO", "SEM REGISTRO", IF(G426="01/01/1900", "SEM REGISTRO", IF((G37+H37)>TODAY(), "NO PRAZO", "VENCIDO" ) ) ) ) ) ),"N.A.") -> HISTORICO | J37: =EPI[[#This Row],[TREINADO EM]]+EPI[[#This Row],[VALIDADE]] -> 46268 | K37: 1 | L37: RECICLADO | M37: =VLOOKUP(EPI[[#This Row],[NOME]],'CADASTRO'!A:K,6,0) -> ATIVO
A38: INTERNO | B38: PIU JDE | C38: GUILHERME DOS REIS OLIVEIRA | D38: NR 06 EPI | E38: ANA LUISA SOARES PEREIRA | F38: =VLOOKUP(EPI[[#This Row],[NOME]],'CADASTRO'!A:K,5,0) -> ANALISTA FACILITIES | G38: 46280 | H38: 365 | I38: =IF(EPI[[#This Row],[SITUAÇÃO]]="ATIVO", IF(EPI[[#This Row],[CONDIÇÃO]]="N.A.", "N.A.", IF(EPI[[#This Row],[CONDIÇÃO]]="REPROVADO", "REPROVADO", IF(EPI[[#This Row],[CONDIÇÃO]]="RECICLADO", "HISTORICO", IF(EPI[[#This Row],[CONDIÇÃO]]="SEM REGISTRO", "SEM REGISTRO", IF(G427="01/01/1900", "SEM REGISTRO", IF((G38+H38)>TODAY(), "NO PRAZO", "VENCIDO" ) ) ) ) ) ),"N.A.") -> NO PRAZO | J38: =EPI[[#This Row],[TREINADO EM]]+EPI[[#This Row],[VALIDADE]] -> 46645 | K38: 1 | L38: APROVADO | M38: =VLOOKUP(EPI[[#This Row],[NOME]],'CADASTRO'!A:K,6,0) -> ATIVO
A39: INTERNO | B39: PIU JDE | C39: GUILHERME DOS REIS OLIVEIRA | D39: NR 06 EPI | E39: ANA LUIZA DE PAULA | F39: =VLOOKUP(EPI[[#This Row],[NOME]],'CADASTRO'!A:K,5,0) -> ANALISTA CONTROLE QUALIDADE JR | G39: 45568 | H39: 365 | I39: =IF(EPI[[#This Row],[SITUAÇÃO]]="ATIVO", IF(EPI[[#This Row],[CONDIÇÃO]]="N.A.", "N.A.", IF(EPI[[#This Row],[CONDIÇÃO]]="REPROVADO", "REPROVADO", IF(EPI[[#This Row],[CONDIÇÃO]]="RECICLADO", "HISTORICO", IF(EPI[[#This Row],[CONDIÇÃO]]="SEM REGISTRO", "SEM REGISTRO", IF(G428="01/01/1900", "SEM REGISTRO", IF((G39+H39)>TODAY(), "NO PRAZO", "VENCIDO" ) ) ) ) ) ),"N.A.") -> HISTORICO | J39: =EPI[[#This Row],[TREINADO EM]]+EPI[[#This Row],[VALIDADE]] -> 45933 | K39: 1 | L39: RECICLADO | M39: =VLOOKUP(EPI[[#This Row],[NOME]],'CADASTRO'!A:K,6,0) -> ATIVO
A40: INTERNO | B40: PIU JDE | C40: GUILHERME DOS REIS OLIVEIRA | D40: NR 06 EPI | E40: ANA LUIZA DE PAULA | F40: =VLOOKUP(EPI[[#This Row],[NOME]],'CADASTRO'!A:K,5,0) -> ANALISTA CONTROLE QUALIDADE JR | G40: 46098 | H40: 365 | I40: =IF(EPI[[#This Row],[SITUAÇÃO]]="ATIVO", IF(EPI[[#This Row],[CONDIÇÃO]]="N.A.", "N.A.", IF(EPI[[#This Row],[CONDIÇÃO]]="REPROVADO", "REPROVADO", IF(EPI[[#This Row],[CONDIÇÃO]]="RECICLADO", "HISTORICO", IF(EPI[[#This Row],[CONDIÇÃO]]="SEM REGISTRO", "SEM REGISTRO", IF(G429="01/01/1900", "SEM REGISTRO", IF((G40+H40)>TODAY(), "NO PRAZO", "VENCIDO" ) ) ) ) ) ),"N.A.") -> NO PRAZO | J40: =EPI[[#This Row],[TREINADO EM]]+EPI[[#This Row],[VALIDADE]] -> 46463 | K40: 1 | L40: APROVADO | M40: =VLOOKUP(EPI[[#This Row],[NOME]],'CADASTRO'!A:K,6,0) -> ATIVO | N40: EPI 17-03-2026
A41: INTERNO | B41: PIU JDE | C41: GUILHERME DOS REIS OLIVEIRA | D41: NR 06 EPI | E41: ANA MARIA DA SILVA | F41: =VLOOKUP(EPI[[#This Row],[NOME]],'CADASTRO'!A:K,5,0) -> OPERADOR INDUSTRIAL I | G41: 46154 | H41: 365 | I41: =IF(EPI[[#This Row],[SITUAÇÃO]]="ATIVO", IF(EPI[[#This Row],[CONDIÇÃO]]="N.A.", "N.A.", IF(EPI[[#This Row],[CONDIÇÃO]]="REPROVADO", "REPROVADO", IF(EPI[[#This Row],[CONDIÇÃO]]="RECICLADO", "HISTORICO", IF(EPI[[#This Row],[CONDIÇÃO]]="SEM REGISTRO", "SEM REGISTRO", IF(G430="01/01/1900", "SEM REGISTRO", IF((G41+H41)>TODAY(), "NO PRAZO", "VENCIDO" ) ) ) ) ) ),"N.A.") -> N.A. | J41: =EPI[[#This Row],[TREINADO EM]]+EPI[[#This Row],[VALIDADE]] -> 46519 | K41: 1 | L41: APROVADO | M41: =VLOOKUP(EPI[[#This Row],[NOME]],'CADASTRO'!A:K,6,0) -> DESLIGADO | N41: 12-05-2026 EPI
A42: INTERNO | B42: PIU JDE | C42: GUILHERME DOS REIS OLIVEIRA | D42: NR 06 EPI | E42: ANDERSON APARECIDO DO AMARAL | F42: =VLOOKUP(EPI[[#This Row],[NOME]],'CADASTRO'!A:K,5,0) -> TECNICO ELETRONICO II | G42: 46245.612 | H42: 365 | I42: =IF(EPI[[#This Row],[SITUAÇÃO]]="ATIVO", IF(EPI[[#This Row],[CONDIÇÃO]]="N.A.", "N.A.", IF(EPI[[#This Row],[CONDIÇÃO]]="REPROVADO", "REPROVADO", IF(EPI[[#This Row],[CONDIÇÃO]]="RECICLADO", "HISTORICO", IF(EPI[[#This Row],[CONDIÇÃO]]="SEM REGISTRO", "SEM REGISTRO", IF(G431="01/01/1900", "SEM REGISTRO", IF((G42+H42)>TODAY(), "NO PRAZO", "VENCIDO" ) ) ) ) ) ),"N.A.") -> NO PRAZO | J42: =EPI[[#This Row],[TREINADO EM]]+EPI[[#This Row],[VALIDADE]] -> 46610.612 | K42: 1 | L42: APROVADO | M42: =VLOOKUP(EPI[[#This Row],[NOME]],'CADASTRO'!A:K,6,0) -> ATIVO | N42: 21-07-2026 EPI
A43: INTERNO | B43: PIU JDE | C43: GUILHERME DOS REIS OLIVEIRA | D43: NR 06 EPI | E43: ANDERSON JOSE LUIZ SANTANA | F43: =VLOOKUP(EPI[[#This Row],[NOME]],'CADASTRO'!A:K,5,0) -> ANALISTA MANUTENCAO JR | G43: 45889 | H43: 365 | I43: =IF(EPI[[#This Row],[SITUAÇÃO]]="ATIVO", IF(EPI[[#This Row],[CONDIÇÃO]]="N.A.", "N.A.", IF(EPI[[#This Row],[CONDIÇÃO]]="REPROVADO", "REPROVADO", IF(EPI[[#This Row],[CONDIÇÃO]]="RECICLADO", "HISTORICO", IF(EPI[[#This Row],[CONDIÇÃO]]="SEM REGISTRO", "SEM REGISTRO", IF(G432="01/01/1900", "SEM REGISTRO", IF((G43+H43)>TODAY(), "NO PRAZO", "VENCIDO" ) ) ) ) ) ),"N.A.") -> HISTORICO | J43: =EPI[[#This Row],[TREINADO EM]]+EPI[[#This Row],[VALIDADE]] -> 46254 | K43: 1 | L43: RECICLADO | M43: =VLOOKUP(EPI[[#This Row],[NOME]],'CADASTRO'!A:K,6,0) -> ATIVO
A44: INTERNO | B44: PIU JDE | C44: GUILHERME DOS REIS OLIVEIRA | D44: NR 06 EPI | E44: ANDERSON JOSE LUIZ SANTANA | F44: =VLOOKUP(EPI[[#This Row],[NOME]],'CADASTRO'!A:K,5,0) -> ANALISTA MANUTENCAO JR | G44: 46281 | H44: 365 | I44: =IF(EPI[[#This Row],[SITUAÇÃO]]="ATIVO", IF(EPI[[#This Row],[CONDIÇÃO]]="N.A.", "N.A.", IF(EPI[[#This Row],[CONDIÇÃO]]="REPROVADO", "REPROVADO", IF(EPI[[#This Row],[CONDIÇÃO]]="RECICLADO", "HISTORICO", IF(EPI[[#This Row],[CONDIÇÃO]]="SEM REGISTRO", "SEM REGISTRO", IF(G433="01/01/1900", "SEM REGISTRO", IF((G44+H44)>TODAY(), "NO PRAZO", "VENCIDO" ) ) ) ) ) ),"N.A.") -> NO PRAZO | J44: =EPI[[#This Row],[TREINADO EM]]+EPI[[#This Row],[VALIDADE]] -> 46646 | K44: 1 | L44: APROVADO | M44: =VLOOKUP(EPI[[#This Row],[NOME]],'CADASTRO'!A:K,6,0) -> ATIVO
A45: INTERNO | B45: PIU JDE | C45: GUILHERME DOS REIS OLIVEIRA | D45: NR 06 EPI | E45: ANDRE FELIPE TERRA CAMPOS | F45: =VLOOKUP(EPI[[#This Row],[NOME]],'CADASTRO'!A:K,5,0) -> AUXILIAR INDUSTRIAL | G45: 44928 | H45: 365 | I45: =IF(EPI[[#This Row],[SITUAÇÃO]]="ATIVO", IF(EPI[[#This Row],[CONDIÇÃO]]="N.A.", "N.A.", IF(EPI[[#This Row],[CONDIÇÃO]]="REPROVADO", "REPROVADO", IF(EPI[[#This Row],[CONDIÇÃO]]="RECICLADO", "HISTORICO", IF(EPI[[#This Row],[CONDIÇÃO]]="SEM REGISTRO", "SEM REGISTRO", IF(G434="01/01/1900", "SEM REGISTRO", IF((G45+H45)>TODAY(), "NO PRAZO", "VENCIDO" ) ) ) ) ) ),"N.A.") -> HISTORICO | J45: =EPI[[#This Row],[TREINADO EM]]+EPI[[#This Row],[VALIDADE]] -> 45293 | K45: 1 | L45: RECICLADO | M45: =VLOOKUP(EPI[[#This Row],[NOME]],'CADASTRO'!A:K,6,0) -> ATIVO
A46: INTERNO | B46: PIU JDE | C46: ROMULO GONCALVES PEREIRA BRAGA | D46: NR 06 EPI | E46: ANDRE FELIPE TERRA CAMPOS | F46: =VLOOKUP(EPI[[#This Row],[NOME]],'CADASTRO'!A:K,5,0) -> AUXILIAR INDUSTRIAL | G46: 45279 | H46: 365 | I46: =IF(EPI[[#This Row],[SITUAÇÃO]]="ATIVO", IF(EPI[[#This Row],[CONDIÇÃO]]="N.A.", "N.A.", IF(EPI[[#This Row],[CONDIÇÃO]]="REPROVADO", "REPROVADO", IF(EPI[[#This Row],[CONDIÇÃO]]="RECICLADO", "HISTORICO", IF(EPI[[#This Row],[CONDIÇÃO]]="SEM REGISTRO", "SEM REGISTRO", IF(G435="01/01/1900", "SEM REGISTRO", IF((G46+H46)>TODAY(), "NO PRAZO", "VENCIDO" ) ) ) ) ) ),"N.A.") -> HISTORICO | J46: =EPI[[#This Row],[TREINADO EM]]+EPI[[#This Row],[VALIDADE]] -> 45644 | K46: 1 | L46: RECICLADO | M46: =VLOOKUP(EPI[[#This Row],[NOME]],'CADASTRO'!A:K,6,0) -> ATIVO
A47: INTERNO | B47: PIU JDE | C47: TIAGO TEIXEIRA DE CARVALHO | D47: NR 06 EPI | E47: ANDRE FELIPE TERRA CAMPOS | F47: =VLOOKUP(EPI[[#This Row],[NOME]],'CADASTRO'!A:K,5,0) -> AUXILIAR INDUSTRIAL | G47: 45645 | H47: 365 | I47: =IF(EPI[[#This Row],[SITUAÇÃO]]="ATIVO", IF(EPI[[#This Row],[CONDIÇÃO]]="N.A.", "N.A.", IF(EPI[[#This Row],[CONDIÇÃO]]="REPROVADO", "REPROVADO", IF(EPI[[#This Row],[CONDIÇÃO]]="RECICLADO", "HISTORICO", IF(EPI[[#This Row],[CONDIÇÃO]]="SEM REGISTRO", "SEM REGISTRO", IF(G436="01/01/1900", "SEM REGISTRO", IF((G47+H47)>TODAY(), "NO PRAZO", "VENCIDO" ) ) ) ) ) ),"N.A.") -> HISTORICO | J47: =EPI[[#This Row],[TREINADO EM]]+EPI[[#This Row],[VALIDADE]] -> 46010 | K47: 1 | L47: RECICLADO | M47: =VLOOKUP(EPI[[#This Row],[NOME]],'CADASTRO'!A:K,6,0) -> ATIVO
A48: INTERNO | B48: PIU JDE | C48: GUILHERME DOS REIS OLIVEIRA | D48: NR 06 EPI | E48: ANDRE FELIPE TERRA CAMPOS | F48: =VLOOKUP(EPI[[#This Row],[NOME]],'CADASTRO'!A:K,5,0) -> AUXILIAR INDUSTRIAL | G48: 46009 | H48: 365 | I48: =IF(EPI[[#This Row],[SITUAÇÃO]]="ATIVO", IF(EPI[[#This Row],[CONDIÇÃO]]="N.A.", "N.A.", IF(EPI[[#This Row],[CONDIÇÃO]]="REPROVADO", "REPROVADO", IF(EPI[[#This Row],[CONDIÇÃO]]="RECICLADO", "HISTORICO", IF(EPI[[#This Row],[CONDIÇÃO]]="SEM REGISTRO", "SEM REGISTRO", IF(G437="01/01/1900", "SEM REGISTRO", IF((G48+H48)>TODAY(), "NO PRAZO", "VENCIDO" ) ) ) ) ) ),"N.A.") -> NO PRAZO | J48: =EPI[[#This Row],[TREINADO EM]]+EPI[[#This Row],[VALIDADE]] -> 46374 | K48: 1 | L48: APROVADO | M48: =VLOOKUP(EPI[[#This Row],[NOME]],'CADASTRO'!A:K,6,0) -> ATIVO | N48: EPI 18-12-2025
A49: INTERNO | B49: PIU JDE | C49: GUILHERME DOS REIS OLIVEIRA | D49: NR 06 EPI | E49: ANDRE LUIS MENDES COSTA | F49: =VLOOKUP(EPI[[#This Row],[NOME]],'CADASTRO'!A:K,5,0) -> Analista PCM PL | G49: 44973 | H49: 365 | I49: =IF(EPI[[#This Row],[SITUAÇÃO]]="ATIVO", IF(EPI[[#This Row],[CONDIÇÃO]]="N.A.", "N.A.", IF(EPI[[#This Row],[CONDIÇÃO]]="REPROVADO", "REPROVADO", IF(EPI[[#This Row],[CONDIÇÃO]]="RECICLADO", "HISTORICO", IF(EPI[[#This Row],[CONDIÇÃO]]="SEM REGISTRO", "SEM REGISTRO", IF(G438="01/01/1900", "SEM REGISTRO", IF((G49+H49)>TODAY(), "NO PRAZO", "VENCIDO" ) ) ) ) ) ),"N.A.") -> HISTORICO | J49: =EPI[[#This Row],[TREINADO EM]]+EPI[[#This Row],[VALIDADE]] -> 45338 | K49: 1 | L49: RECICLADO | M49: =VLOOKUP(EPI[[#This Row],[NOME]],'CADASTRO'!A:K,6,0) -> ATIVO
A50: INTERNO | B50: PIU JDE | C50: ROMULO GONCALVES PEREIRA BRAGA | D50: NR 06 EPI | E50: ANDRE LUIS MENDES COSTA | F50: =VLOOKUP(EPI[[#This Row],[NOME]],'CADASTRO'!A:K,5,0) -> Analista PCM PL | G50: 45533 | H50: 365 | I50: =IF(EPI[[#This Row],[SITUAÇÃO]]="ATIVO", IF(EPI[[#This Row],[CONDIÇÃO]]="N.A.", "N.A.", IF(EPI[[#This Row],[CONDIÇÃO]]="REPROVADO", "REPROVADO", IF(EPI[[#This Row],[CONDIÇÃO]]="RECICLADO", "HISTORICO", IF(EPI[[#This Row],[CONDIÇÃO]]="SEM REGISTRO", "SEM REGISTRO", IF(G439="01/01/1900", "SEM REGISTRO", IF((G50+H50)>TODAY(), "NO PRAZO", "VENCIDO" ) ) ) ) ) ),"N.A.") -> HISTORICO | J50: =EPI[[#This Row],[TREINADO EM]]+EPI[[#This Row],[VALIDADE]] -> 45898 | K50: 1 | L50: RECICLADO | M50: =VLOOKUP(EPI[[#This Row],[NOME]],'CADASTRO'!A:K,6,0) -> ATIVO
A51: INTERNO | B51: PIU JDE | C51: GUILHERME DOS REIS OLIVEIRA | D51: NR 06 EPI | E51: ANDRE LUIS MENDES COSTA | F51: =VLOOKUP(EPI[[#This Row],[NOME]],'CADASTRO'!A:K,5,0) -> Analista PCM PL | G51: 46091 | H51: 365 | I51: =IF(EPI[[#This Row],[SITUAÇÃO]]="ATIVO", IF(EPI[[#This Row],[CONDIÇÃO]]="N.A.", "N.A.", IF(EPI[[#This Row],[CONDIÇÃO]]="REPROVADO", "REPROVADO", IF(EPI[[#This Row],[CONDIÇÃO]]="RECICLADO", "HISTORICO", IF(EPI[[#This Row],[CONDIÇÃO]]="SEM REGISTRO", "SEM REGISTRO", IF(G440="01/01/1900", "SEM REGISTRO", IF((G51+H51)>TODAY(), "NO PRAZO", "VENCIDO" ) ) ) ) ) ),"N.A.") -> NO PRAZO | J51: =EPI[[#This Row],[TREINADO EM]]+EPI[[#This Row],[VALIDADE]] -> 46456 | K51: 1 | L51: APROVADO | M51: =VLOOKUP(EPI[[#This Row],[NOME]],'CADASTRO'!A:K,6,0) -> ATIVO | N51: EPI 10-03-2026
A52: INTERNO | B52: PIU JDE | C52: ROMULO GONCALVES PEREIRA BRAGA | D52: NR 06 EPI | E52: ANDYSON MOREIRA NUNES | F52: =VLOOKUP(EPI[[#This Row],[NOME]],'CADASTRO'!A:K,5,0) -> SUPERVISOR DE MANUTENCAO | G52: 45393 | H52: 365 | I52: =IF(EPI[[#This Row],[SITUAÇÃO]]="ATIVO", IF(EPI[[#This Row],[CONDIÇÃO]]="N.A.", "N.A.", IF(EPI[[#This Row],[CONDIÇÃO]]="REPROVADO", "REPROVADO", IF(EPI[[#This Row],[CONDIÇÃO]]="RECICLADO", "HISTORICO", IF(EPI[[#This Row],[CONDIÇÃO]]="SEM REGISTRO", "SEM REGISTRO", IF(G441="01/01/1900", "SEM REGISTRO", IF((G52+H52)>TODAY(), "NO PRAZO", "VENCIDO" ) ) ) ) ) ),"N.A.") -> N.A. | J52: =EPI[[#This Row],[TREINADO EM]]+EPI[[#This Row],[VALIDADE]] -> 45758 | K52: 1 | L52: APROVADO | M52: =VLOOKUP(EPI[[#This Row],[NOME]],'CADASTRO'!A:K,6,0) -> DESLIGADO
A53: INTERNO | B53: PIU JDE | C53: GUILHERME DOS REIS OLIVEIRA | D53: NR 06 EPI | E53: ANGELA ALVES DOS SANTOS | F53: =VLOOKUP(EPI[[#This Row],[NOME]],'CADASTRO'!A:K,5,0) -> OPERADOR INDUSTRIAL II | G53: 44928 | H53: 365 | I53: =IF(EPI[[#This Row],[SITUAÇÃO]]="ATIVO", IF(EPI[[#This Row],[CONDIÇÃO]]="N.A.", "N.A.", IF(EPI[[#This Row],[CONDIÇÃO]]="REPROVADO", "REPROVADO", IF(EPI[[#This Row],[CONDIÇÃO]]="RECICLADO", "HISTORICO", IF(EPI[[#This Row],[CONDIÇÃO]]="SEM REGISTRO", "SEM REGISTRO", IF(G442="01/01/1900", "SEM REGISTRO", IF((G53+H53)>TODAY(), "NO PRAZO", "VENCIDO" ) ) ) ) ) ),"N.A.") -> HISTORICO | J53: =EPI[[#This Row],[TREINADO EM]]+EPI[[#This Row],[VALIDADE]] -> 45293 | K53: 1 | L53: RECICLADO | M53: =VLOOKUP(EPI[[#This Row],[NOME]],'CADASTRO'!A:K,6,0) -> ATIVO
A54: INTERNO | B54: PIU JDE | C54: GUILHERME DOS REIS OLIVEIRA | D54: NR 06 EPI | E54: ANGELA ALVES DOS SANTOS | F54: =VLOOKUP(EPI[[#This Row],[NOME]],'CADASTRO'!A:K,5,0) -> OPERADOR INDUSTRIAL II | G54: 45134 | H54: 365 | I54: =IF(EPI[[#This Row],[SITUAÇÃO]]="ATIVO", IF(EPI[[#This Row],[CONDIÇÃO]]="N.A.", "N.A.", IF(EPI[[#This Row],[CONDIÇÃO]]="REPROVADO", "REPROVADO", IF(EPI[[#This Row],[CONDIÇÃO]]="RECICLADO", "HISTORICO", IF(EPI[[#This Row],[CONDIÇÃO]]="SEM REGISTRO", "SEM REGISTRO", IF(G443="01/01/1900", "SEM REGISTRO", IF((G54+H54)>TODAY(), "NO PRAZO", "VENCIDO" ) ) ) ) ) ),"N.A.") -> HISTORICO | J54: =EPI[[#This Row],[TREINADO EM]]+EPI[[#This Row],[VALIDADE]] -> 45499 | K54: 1 | L54: RECICLADO | M54: =VLOOKUP(EPI[[#This Row],[NOME]],'CADASTRO'!A:K,6,0) -> ATIVO
A55: INTERNO | B55: PIU JDE | C55: ROMULO GONCALVES PEREIRA BRAGA | D55: NR 06 EPI | E55: ANGELA ALVES DOS SANTOS | F55: =VLOOKUP(EPI[[#This Row],[NOME]],'CADASTRO'!A:K,5,0) -> OPERADOR INDUSTRIAL II | G55: 45279 | H55: 365 | I55: =IF(EPI[[#This Row],[SITUAÇÃO]]="ATIVO", IF(EPI[[#This Row],[CONDIÇÃO]]="N.A.", "N.A.", IF(EPI[[#This Row],[CONDIÇÃO]]="REPROVADO", "REPROVADO", IF(EPI[[#This Row],[CONDIÇÃO]]="RECICLADO", "HISTORICO", IF(EPI[[#This Row],[CONDIÇÃO]]="SEM REGISTRO", "SEM REGISTRO", IF(G444="01/01/1900", "SEM REGISTRO", IF((G55+H55)>TODAY(), "NO PRAZO", "VENCIDO" ) ) ) ) ) ),"N.A.") -> HISTORICO | J55: =EPI[[#This Row],[TREINADO EM]]+EPI[[#This Row],[VALIDADE]] -> 45644 | K55: 1 | L55: RECICLADO | M55: =VLOOKUP(EPI[[#This Row],[NOME]],'CADASTRO'!A:K,6,0) -> ATIVO
A56: INTERNO | B56: PIU JDE | C56: TIAGO TEIXEIRA DE CARVALHO | D56: NR 06 EPI | E56: ANGELA ALVES DOS SANTOS | F56: =VLOOKUP(EPI[[#This Row],[NOME]],'CADASTRO'!A:K,5,0) -> OPERADOR INDUSTRIAL II | G56: 45645 | H56: 365 | I56: =IF(EPI[[#This Row],[SITUAÇÃO]]="ATIVO", IF(EPI[[#This Row],[CONDIÇÃO]]="N.A.", "N.A.", IF(EPI[[#This Row],[CONDIÇÃO]]="REPROVADO", "REPROVADO", IF(EPI[[#This Row],[CONDIÇÃO]]="RECICLADO", "HISTORICO", IF(EPI[[#This Row],[CONDIÇÃO]]="SEM REGISTRO", "SEM REGISTRO", IF(G445="01/01/1900", "SEM REGISTRO", IF((G56+H56)>TODAY(), "NO PRAZO", "VENCIDO" ) ) ) ) ) ),"N.A.") -> HISTORICO | J56: =EPI[[#This Row],[TREINADO EM]]+EPI[[#This Row],[VALIDADE]] -> 46010 | K56: 1 | L56: RECICLADO | M56: =VLOOKUP(EPI[[#This Row],[NOME]],'CADASTRO'!A:K,6,0) -> ATIVO
A57: INTERNO | B57: PIU JDE | C57: GUILHERME DOS REIS OLIVEIRA | D57: NR 06 EPI | E57: ANGELA ALVES DOS SANTOS | F57: =VLOOKUP(EPI[[#This Row],[NOME]],'CADASTRO'!A:K,5,0) -> OPERADOR INDUSTRIAL II | G57: 46009 | H57: 365 | I57: =IF(EPI[[#This Row],[SITUAÇÃO]]="ATIVO", IF(EPI[[#This Row],[CONDIÇÃO]]="N.A.", "N.A.", IF(EPI[[#This Row],[CONDIÇÃO]]="REPROVADO", "REPROVADO", IF(EPI[[#This Row],[CONDIÇÃO]]="RECICLADO", "HISTORICO", IF(EPI[[#This Row],[CONDIÇÃO]]="SEM REGISTRO", "SEM REGISTRO", IF(G446="01/01/1900", "SEM REGISTRO", IF((G57+H57)>TODAY(), "NO PRAZO", "VENCIDO" ) ) ) ) ) ),"N.A.") -> NO PRAZO | J57: =EPI[[#This Row],[TREINADO EM]]+EPI[[#This Row],[VALIDADE]] -> 46374 | K57: 1 | L57: APROVADO | M57: =VLOOKUP(EPI[[#This Row],[NOME]],'CADASTRO'!A:K,6,0) -> ATIVO | N57: EPI 18-12-2025
A58: INTERNO | B58: PIU JDE | C58: GUILHERME DOS REIS OLIVEIRA | D58: NR 06 EPI | E58: ANGELO ROSEMBERG BELLO TEIXEIRA | F58: =VLOOKUP(EPI[[#This Row],[NOME]],'CADASTRO'!A:K,5,0) -> TECNICO ELETRONICO II | G58: 44928 | H58: 365 | I58: =IF(EPI[[#This Row],[SITUAÇÃO]]="ATIVO", IF(EPI[[#This Row],[CONDIÇÃO]]="N.A.", "N.A.", IF(EPI[[#This Row],[CONDIÇÃO]]="REPROVADO", "REPROVADO", IF(EPI[[#This Row],[CONDIÇÃO]]="RECICLADO", "HISTORICO", IF(EPI[[#This Row],[CONDIÇÃO]]="SEM REGISTRO", "SEM REGISTRO", IF(G447="01/01/1900", "SEM REGISTRO", IF((G58+H58)>TODAY(), "NO PRAZO", "VENCIDO" ) ) ) ) ) ),"N.A.") -> N.A. | J58: =EPI[[#This Row],[TREINADO EM]]+EPI[[#This Row],[VALIDADE]] -> 45293 | K58: 1 | L58: RECICLADO | M58: =VLOOKUP(EPI[[#This Row],[NOME]],'CADASTRO'!A:K,6,0) -> DESLIGADO
A59: INTERNO | B59: PIU JDE | C59: ROMULO GONCALVES PEREIRA BRAGA | D59: NR 06 EPI | E59: ANGELO ROSEMBERG BELLO TEIXEIRA | F59: =VLOOKUP(EPI[[#This Row],[NOME]],'CADASTRO'!A:K,5,0) -> TECNICO ELETRONICO II | G59: 45279 | H59: 365 | I59: =IF(EPI[[#This Row],[SITUAÇÃO]]="ATIVO", IF(EPI[[#This Row],[CONDIÇÃO]]="N.A.", "N.A.", IF(EPI[[#This Row],[CONDIÇÃO]]="REPROVADO", "REPROVADO", IF(EPI[[#This Row],[CONDIÇÃO]]="RECICLADO", "HISTORICO", IF(EPI[[#This Row],[CONDIÇÃO]]="SEM REGISTRO", "SEM REGISTRO", IF(G448="01/01/1900", "SEM REGISTRO", IF((G59+H59)>TODAY(), "NO PRAZO", "VENCIDO" ) ) ) ) ) ),"N.A.") -> N.A. | J59: =EPI[[#This Row],[TREINADO EM]]+EPI[[#This Row],[VALIDADE]] -> 45644 | K59: 1 | L59: RECICLADO | M59: =VLOOKUP(EPI[[#This Row],[NOME]],'CADASTRO'!A:K,6,0) -> DESLIGADO
A60: INTERNO | B60: PIU JDE | C60: GUILHERME DOS REIS OLIVEIRA | D60: NR 06 EPI | E60: ANGELO ROSEMBERG BELLO TEIXEIRA | F60: =VLOOKUP(EPI[[#This Row],[NOME]],'CADASTRO'!A:K,5,0) -> TECNICO ELETRONICO II | G60: 45645 | H60: 365 | I60: =IF(EPI[[#This Row],[SITUAÇÃO]]="ATIVO", IF(EPI[[#This Row],[CONDIÇÃO]]="N.A.", "N.A.", IF(EPI[[#This Row],[CONDIÇÃO]]="REPROVADO", "REPROVADO", IF(EPI[[#This Row],[CONDIÇÃO]]="RECICLADO", "HISTORICO", IF(EPI[[#This Row],[CONDIÇÃO]]="SEM REGISTRO", "SEM REGISTRO", IF(G449="01/01/1900", "SEM REGISTRO", IF((G60+H60)>TODAY(), "NO PRAZO", "VENCIDO" ) ) ) ) ) ),"N.A.") -> N.A. | J60: =EPI[[#This Row],[TREINADO EM]]+EPI[[#This Row],[VALIDADE]] -> 46010 | K60: 1 | L60: APROVADO | M60: =VLOOKUP(EPI[[#This Row],[NOME]],'CADASTRO'!A:K,6,0) -> DESLIGADO
A61: INTERNO | B61: PIU JDE | C61: GUILHERME DOS REIS OLIVEIRA | D61: NR 06 EPI | E61: ARTHUR FIGUEIREDO DA SILVA | F61: =VLOOKUP(EPI[[#This Row],[NOME]],'CADASTRO'!A:K,5,0) -> TECNICO MECANICO II | G61: 44928 | H61: 365 | I61: =IF(EPI[[#This Row],[SITUAÇÃO]]="ATIVO", IF(EPI[[#This Row],[CONDIÇÃO]]="N.A.", "N.A.", IF(EPI[[#This Row],[CONDIÇÃO]]="REPROVADO", "REPROVADO", IF(EPI[[#This Row],[CONDIÇÃO]]="RECICLADO", "HISTORICO", IF(EPI[[#This Row],[CONDIÇÃO]]="SEM REGISTRO", "SEM REGISTRO", IF(G450="01/01/1900", "SEM REGISTRO", IF((G61+H61)>TODAY(), "NO PRAZO", "VENCIDO" ) ) ) ) ) ),"N.A.") -> HISTORICO | J61: =EPI[[#This Row],[TREINADO EM]]+EPI[[#This Row],[VALIDADE]] -> 45293 | K61: 1 | L61: RECICLADO | M61: =VLOOKUP(EPI[[#This Row],[NOME]],'CADASTRO'!A:K,6,0) -> ATIVO
A62: INTERNO | B62: PIU JDE | C62: ROMULO GONCALVES PEREIRA BRAGA | D62: NR 06 EPI | E62: ARTHUR FIGUEIREDO DA SILVA | F62: =VLOOKUP(EPI[[#This Row],[NOME]],'CADASTRO'!A:K,5,0) -> TECNICO MECANICO II | G62: 45547 | H62: 365 | I62: =IF(EPI[[#This Row],[SITUAÇÃO]]="ATIVO", IF(EPI[[#This Row],[CONDIÇÃO]]="N.A.", "N.A.", IF(EPI[[#This Row],[CONDIÇÃO]]="REPROVADO", "REPROVADO", IF(EPI[[#This Row],[CONDIÇÃO]]="RECICLADO", "HISTORICO", IF(EPI[[#This Row],[CONDIÇÃO]]="SEM REGISTRO", "SEM REGISTRO", IF(G451="01/01/1900", "SEM REGISTRO", IF((G62+H62)>TODAY(), "NO PRAZO", "VENCIDO" ) ) ) ) ) ),"N.A.") -> HISTORICO | J62: =EPI[[#This Row],[TREINADO EM]]+EPI[[#This Row],[VALIDADE]] -> 45912 | K62: 1 | L62: RECICLADO | M62: =VLOOKUP(EPI[[#This Row],[NOME]],'CADASTRO'!A:K,6,0) -> ATIVO
A63: INTERNO | B63: PIU JDE | C63: GUILHERME DOS REIS OLIVEIRA | D63: NR 06 EPI | E63: ARTHUR FIGUEIREDO DA SILVA | F63: =VLOOKUP(EPI[[#This Row],[NOME]],'CADASTRO'!A:K,5,0) -> TECNICO MECANICO II | G63: 45645 | H63: 365 | I63: =IF(EPI[[#This Row],[SITUAÇÃO]]="ATIVO", IF(EPI[[#This Row],[CONDIÇÃO]]="N.A.", "N.A.", IF(EPI[[#This Row],[CONDIÇÃO]]="REPROVADO", "REPROVADO", IF(EPI[[#This Row],[CONDIÇÃO]]="RECICLADO", "HISTORICO", IF(EPI[[#This Row],[CONDIÇÃO]]="SEM REGISTRO", "SEM REGISTRO", IF(G452="01/01/1900", "SEM REGISTRO", IF((G63+H63)>TODAY(), "NO PRAZO", "VENCIDO" ) ) ) ) ) ),"N.A.") -> HISTORICO | J63: =EPI[[#This Row],[TREINADO EM]]+EPI[[#This Row],[VALIDADE]] -> 46010 | K63: 1 | L63: RECICLADO | M63: =VLOOKUP(EPI[[#This Row],[NOME]],'CADASTRO'!A:K,6,0) -> ATIVO
A64: INTERNO | B64: PIU JDE | C64: GUILHERME DOS REIS OLIVEIRA | D64: NR 06 EPI | E64: ARTHUR FIGUEIREDO DA SILVA | F64: =VLOOKUP(EPI[[#This Row],[NOME]],'CADASTRO'!A:K,5,0) -> TECNICO MECANICO II | G64: 46211.608 | H64: 183 | I64: =IF(EPI[[#This Row],[SITUAÇÃO]]="ATIVO", IF(EPI[[#This Row],[CONDIÇÃO]]="N.A.", "N.A.", IF(EPI[[#This Row],[CONDIÇÃO]]="REPROVADO", "REPROVADO", IF(EPI[[#This Row],[CONDIÇÃO]]="RECICLADO", "HISTORICO", IF(EPI[[#This Row],[CONDIÇÃO]]="SEM REGISTRO", "SEM REGISTRO", IF(G453="01/01/1900", "SEM REGISTRO", IF((G64+H64)>TODAY(), "NO PRAZO", "VENCIDO" ) ) ) ) ) ),"N.A.") -> NO PRAZO | J64: =EPI[[#This Row],[TREINADO EM]]+EPI[[#This Row],[VALIDADE]] -> 46394.608 | K64: 1 | L64: APROVADO | M64: =VLOOKUP(EPI[[#This Row],[NOME]],'CADASTRO'!A:K,6,0) -> ATIVO | N64: 12-05-2026 EPI
A65: INTERNO | B65: PIU JDE | C65: GUILHERME DOS REIS OLIVEIRA | D65: NR 06 EPI | E65: BERNARDO ROCHA SOUTO DE MORAIS | F65: =VLOOKUP(EPI[[#This Row],[NOME]],'CADASTRO'!A:K,5,0) -> OPERADOR INDUSTRIAL I | G65: 46119 | H65: 365 | I65: =IF(EPI[[#This Row],[SITUAÇÃO]]="ATIVO", IF(EPI[[#This Row],[CONDIÇÃO]]="N.A.", "N.A.", IF(EPI[[#This Row],[CONDIÇÃO]]="REPROVADO", "REPROVADO", IF(EPI[[#This Row],[CONDIÇÃO]]="RECICLADO", "HISTORICO", IF(EPI[[#This Row],[CONDIÇÃO]]="SEM REGISTRO", "SEM REGISTRO", IF(G454="01/01/1900", "SEM REGISTRO", IF((G65+H65)>TODAY(), "NO PRAZO", "VENCIDO" ) ) ) ) ) ),"N.A.") -> N.A. | J65: =EPI[[#This Row],[TREINADO EM]]+EPI[[#This Row],[VALIDADE]] -> 46484 | K65: 0.15 | L65: APROVADO | M65: =VLOOKUP(EPI[[#This Row],[NOME]],'CADASTRO'!A:K,6,0) -> DESLIGADO | N65: EPI 07-04-2026
A66: INTERNO | B66: PIU JDE | C66: ROMULO GONCALVES PEREIRA BRAGA | D66: NR 06 EPI | E66: BIANCA PIERAZO E SILVA | F66: =VLOOKUP(EPI[[#This Row],[NOME]],'CADASTRO'!A:K,5,0) -> ASSISTENTE ADMINISTRATIVO | G66: 45358 | H66: 365 | I66: =IF(EPI[[#This Row],[SITUAÇÃO]]="ATIVO", IF(EPI[[#This Row],[CONDIÇÃO]]="N.A.", "N.A.", IF(EPI[[#This Row],[CONDIÇÃO]]="REPROVADO", "REPROVADO", IF(EPI[[#This Row],[CONDIÇÃO]]="RECICLADO", "HISTORICO", IF(EPI[[#This Row],[CONDIÇÃO]]="SEM REGISTRO", "SEM REGISTRO", IF(G455="01/01/1900", "SEM REGISTRO", IF((G66+H66)>TODAY(), "NO PRAZO", "VENCIDO" ) ) ) ) ) ),"N.A.") -> N.A. | J66: =EPI[[#This Row],[TREINADO EM]]+EPI[[#This Row],[VALIDADE]] -> 45723 | K66: 1 | L66: RECICLADO | M66: =VLOOKUP(EPI[[#This Row],[NOME]],'CADASTRO'!A:K,6,0) -> DESLIGADO
A67: INTERNO | B67: PIU JDE | C67: GUILHERME DOS REIS OLIVEIRA | D67: NR 06 EPI | E67: BIANCA PIERAZO E SILVA | F67: =VLOOKUP(EPI[[#This Row],[NOME]],'CADASTRO'!A:K,5,0) -> ASSISTENTE ADMINISTRATIVO | G67: 46009 | H67: 365 | I67: =IF(EPI[[#This Row],[SITUAÇÃO]]="ATIVO", IF(EPI[[#This Row],[CONDIÇÃO]]="N.A.", "N.A.", IF(EPI[[#This Row],[CONDIÇÃO]]="REPROVADO", "REPROVADO", IF(EPI[[#This Row],[CONDIÇÃO]]="RECICLADO", "HISTORICO", IF(EPI[[#This Row],[CONDIÇÃO]]="SEM REGISTRO", "SEM REGISTRO", IF(G456="01/01/1900", "SEM REGISTRO", IF((G67+H67)>TODAY(), "NO PRAZO", "VENCIDO" ) ) ) ) ) ),"N.A.") -> N.A. | J67: =EPI[[#This Row],[TREINADO EM]]+EPI[[#This Row],[VALIDADE]] -> 46374 | K67: 1 | L67: APROVADO | M67: =VLOOKUP(EPI[[#This Row],[NOME]],'CADASTRO'!A:K,6,0) -> DESLIGADO
A68: INTERNO | B68: PIU JDE | C68: GUILHERME DOS REIS OLIVEIRA | D68: NR 06 EPI | E68: BRAYAN ADAMS SILVA BATISTA PERON | F68: =VLOOKUP(EPI[[#This Row],[NOME]],'CADASTRO'!A:K,5,0) -> AUXILIAR INDUSTRIAL | G68: 45875 | H68: 365 | I68: =IF(EPI[[#This Row],[SITUAÇÃO]]="ATIVO", IF(EPI[[#This Row],[CONDIÇÃO]]="N.A.", "N.A.", IF(EPI[[#This Row],[CONDIÇÃO]]="REPROVADO", "REPROVADO", IF(EPI[[#This Row],[CONDIÇÃO]]="RECICLADO", "HISTORICO", IF(EPI[[#This Row],[CONDIÇÃO]]="SEM REGISTRO", "SEM REGISTRO", IF(G457="01/01/1900", "SEM REGISTRO", IF((G68+H68)>TODAY(), "NO PRAZO", "VENCIDO" ) ) ) ) ) ),"N.A.") -> N.A. | J68: =EPI[[#This Row],[TREINADO EM]]+EPI[[#This Row],[VALIDADE]] -> 46240 | K68: 1 | L68: APROVADO | M68: =VLOOKUP(EPI[[#This Row],[NOME]],'CADASTRO'!A:K,6,0) -> DESLIGADO
A69: INTERNO | B69: PIU JDE | C69: GUILHERME DOS REIS OLIVEIRA | D69: NR 06 EPI | E69: BRUNA FRANCO PAULINO DOS SANTOS | F69: =VLOOKUP(EPI[[#This Row],[NOME]],'CADASTRO'!A:K,5,0) -> OPERADOR INDUSTRIAL I | G69: 44928 | H69: 365 | I69: =IF(EPI[[#This Row],[SITUAÇÃO]]="ATIVO", IF(EPI[[#This Row],[CONDIÇÃO]]="N.A.", "N.A.", IF(EPI[[#This Row],[CONDIÇÃO]]="REPROVADO", "REPROVADO", IF(EPI[[#This Row],[CONDIÇÃO]]="RECICLADO", "HISTORICO", IF(EPI[[#This Row],[CONDIÇÃO]]="SEM REGISTRO", "SEM REGISTRO", IF(G458="01/01/1900", "SEM REGISTRO", IF((G69+H69)>TODAY(), "NO PRAZO", "VENCIDO" ) ) ) ) ) ),"N.A.") -> N.A. | J69: =EPI[[#This Row],[TREINADO EM]]+EPI[[#This Row],[VALIDADE]] -> 45293 | K69: 1 | L69: RECICLADO | M69: =VLOOKUP(EPI[[#This Row],[NOME]],'CADASTRO'!A:K,6,0) -> S-AFASTADO
A70: INTERNO | B70: PIU JDE | C70: ROMULO GONCALVES PEREIRA BRAGA | D70: NR 06 EPI | E70: BRUNA FRANCO PAULINO DOS SANTOS | F70: =VLOOKUP(EPI[[#This Row],[NOME]],'CADASTRO'!A:K,5,0) -> OPERADOR INDUSTRIAL I | G70: 45279 | H70: 365 | I70: =IF(EPI[[#This Row],[SITUAÇÃO]]="ATIVO", IF(EPI[[#This Row],[CONDIÇÃO]]="N.A.", "N.A.", IF(EPI[[#This Row],[CONDIÇÃO]]="REPROVADO", "REPROVADO", IF(EPI[[#This Row],[CONDIÇÃO]]="RECICLADO", "HISTORICO", IF(EPI[[#This Row],[CONDIÇÃO]]="SEM REGISTRO", "SEM REGISTRO", IF(G459="01/01/1900", "SEM REGISTRO", IF((G70+H70)>TODAY(), "NO PRAZO", "VENCIDO" ) ) ) ) ) ),"N.A.") -> N.A. | J70: =EPI[[#This Row],[TREINADO EM]]+EPI[[#This Row],[VALIDADE]] -> 45644 | K70: 1 | L70: RECICLADO | M70: =VLOOKUP(EPI[[#This Row],[NOME]],'CADASTRO'!A:K,6,0) -> S-AFASTADO
A71: INTERNO | B71: PIU JDE | C71: GUILHERME DOS REIS OLIVEIRA | D71: NR 06 EPI | E71: BRUNA FRANCO PAULINO DOS SANTOS | F71: =VLOOKUP(EPI[[#This Row],[NOME]],'CADASTRO'!A:K,5,0) -> OPERADOR INDUSTRIAL I | G71: 45589 | H71: 365 | I71: =IF(EPI[[#This Row],[SITUAÇÃO]]="ATIVO", IF(EPI[[#This Row],[CONDIÇÃO]]="N.A.", "N.A.", IF(EPI[[#This Row],[CONDIÇÃO]]="REPROVADO", "REPROVADO", IF(EPI[[#This Row],[CONDIÇÃO]]="RECICLADO", "HISTORICO", IF(EPI[[#This Row],[CONDIÇÃO]]="SEM REGISTRO", "SEM REGISTRO", IF(G460="01/01/1900", "SEM REGISTRO", IF((G71+H71)>TODAY(), "NO PRAZO", "VENCIDO" ) ) ) ) ) ),"N.A.") -> N.A. | J71: =EPI[[#This Row],[TREINADO EM]]+EPI[[#This Row],[VALIDADE]] -> 45954 | K71: 1 | L71: RECICLADO | M71: =VLOOKUP(EPI[[#This Row],[NOME]],'CADASTRO'!A:K,6,0) -> S-AFASTADO
A72: INTERNO | B72: PIU JDE | C72: ROMULO GONCALVES PEREIRA BRAGA | D72: NR 06 EPI | E72: BRUNA FRANCO PAULINO DOS SANTOS | F72: =VLOOKUP(EPI[[#This Row],[NOME]],'CADASTRO'!A:K,5,0) -> OPERADOR INDUSTRIAL I | G72: 45609 | H72: 365 | I72: =IF(EPI[[#This Row],[SITUAÇÃO]]="ATIVO", IF(EPI[[#This Row],[CONDIÇÃO]]="N.A.", "N.A.", IF(EPI[[#This Row],[CONDIÇÃO]]="REPROVADO", "REPROVADO", IF(EPI[[#This Row],[CONDIÇÃO]]="RECICLADO", "HISTORICO", IF(EPI[[#This Row],[CONDIÇÃO]]="SEM REGISTRO", "SEM REGISTRO", IF(G461="01/01/1900", "SEM REGISTRO", IF((G72+H72)>TODAY(), "NO PRAZO", "VENCIDO" ) ) ) ) ) ),"N.A.") -> N.A. | J72: =EPI[[#This Row],[TREINADO EM]]+EPI[[#This Row],[VALIDADE]] -> 45974 | K72: 1 | L72: RECICLADO | M72: =VLOOKUP(EPI[[#This Row],[NOME]],'CADASTRO'!A:K,6,0) -> S-AFASTADO
A73: INTERNO | B73: PIU JDE | C73: TIAGO TEIXEIRA DE CARVALHO | D73: NR 06 EPI | E73: BRUNA FRANCO PAULINO DOS SANTOS | F73: =VLOOKUP(EPI[[#This Row],[NOME]],'CADASTRO'!A:K,5,0) -> OPERADOR INDUSTRIAL I | G73: 45645 | H73: 365 | I73: =IF(EPI[[#This Row],[SITUAÇÃO]]="ATIVO", IF(EPI[[#This Row],[CONDIÇÃO]]="N.A.", "N.A.", IF(EPI[[#This Row],[CONDIÇÃO]]="REPROVADO", "REPROVADO", IF(EPI[[#This Row],[CONDIÇÃO]]="RECICLADO", "HISTORICO", IF(EPI[[#This Row],[CONDIÇÃO]]="SEM REGISTRO", "SEM REGISTRO", IF(G462="01/01/1900", "SEM REGISTRO", IF((G73+H73)>TODAY(), "NO PRAZO", "VENCIDO" ) ) ) ) ) ),"N.A.") -> N.A. | J73: =EPI[[#This Row],[TREINADO EM]]+EPI[[#This Row],[VALIDADE]] -> 46010 | K73: 1 | L73: RECICLADO | M73: =VLOOKUP(EPI[[#This Row],[NOME]],'CADASTRO'!A:K,6,0) -> S-AFASTADO
A74: INTERNO | B74: PIU JDE | C74: ROMULO GONCALVES PEREIRA BRAGA | D74: NR 06 EPI | E74: BRUNA FRANCO PAULINO DOS SANTOS | F74: =VLOOKUP(EPI[[#This Row],[NOME]],'CADASTRO'!A:K,5,0) -> OPERADOR INDUSTRIAL I | G74: 46009 | H74: 365 | I74: =IF(EPI[[#This Row],[SITUAÇÃO]]="ATIVO", IF(EPI[[#This Row],[CONDIÇÃO]]="N.A.", "N.A.", IF(EPI[[#This Row],[CONDIÇÃO]]="REPROVADO", "REPROVADO", IF(EPI[[#This Row],[CONDIÇÃO]]="RECICLADO", "HISTORICO", IF(EPI[[#This Row],[CONDIÇÃO]]="SEM REGISTRO", "SEM REGISTRO", IF(G463="01/01/1900", "SEM REGISTRO", IF((G74+H74)>TODAY(), "NO PRAZO", "VENCIDO" ) ) ) ) ) ),"N.A.") -> N.A. | J74: =EPI[[#This Row],[TREINADO EM]]+EPI[[#This Row],[VALIDADE]] -> 46374 | K74: 1 | L74: APROVADO | M74: =VLOOKUP(EPI[[#This Row],[NOME]],'CADASTRO'!A:K,6,0) -> S-AFASTADO | N74: EPI 18-12-2025
A75: INTERNO | B75: PIU JDE | C75: GUILHERME DOS REIS OLIVEIRA | D75: NR 06 EPI | E75: BRUNO BARCELOS MELO RESENDE | F75: =VLOOKUP(EPI[[#This Row],[NOME]],'CADASTRO'!A:K,5,0) -> Almoxarife | G75: 45910 | H75: 365 | I75: =IF(EPI[[#This Row],[SITUAÇÃO]]="ATIVO", IF(EPI[[#This Row],[CONDIÇÃO]]="N.A.", "N.A.", IF(EPI[[#This Row],[CONDIÇÃO]]="REPROVADO", "REPROVADO", IF(EPI[[#This Row],[CONDIÇÃO]]="RECICLADO", "HISTORICO", IF(EPI[[#This Row],[CONDIÇÃO]]="SEM REGISTRO", "SEM REGISTRO", IF(G464="01/01/1900", "SEM REGISTRO", IF((G75+H75)>TODAY(), "NO PRAZO", "VENCIDO" ) ) ) ) ) ),"N.A.") -> HISTORICO | J75: =EPI[[#This Row],[TREINADO EM]]+EPI[[#This Row],[VALIDADE]] -> 46275 | K75: 1 | L75: RECICLADO | M75: =VLOOKUP(EPI[[#This Row],[NOME]],'CADASTRO'!A:K,6,0) -> ATIVO
A76: INTERNO | B76: PIU JDE | C76: GUILHERME DOS REIS OLIVEIRA | D76: NR 06 EPI | E76: BRUNO BARCELOS MELO RESENDE | F76: =VLOOKUP(EPI[[#This Row],[NOME]],'CADASTRO'!A:K,5,0) -> Almoxarife | G76: 46269.088 | H76: 365 | I76: =IF(EPI[[#This Row],[SITUAÇÃO]]="ATIVO", IF(EPI[[#This Row],[CONDIÇÃO]]="N.A.", "N.A.", IF(EPI[[#This Row],[CONDIÇÃO]]="REPROVADO", "REPROVADO", IF(EPI[[#This Row],[CONDIÇÃO]]="RECICLADO", "HISTORICO", IF(EPI[[#This Row],[CONDIÇÃO]]="SEM REGISTRO", "SEM REGISTRO", IF(G465="01/01/1900", "SEM REGISTRO", IF((G76+H76)>TODAY(), "NO PRAZO", "VENCIDO" ) ) ) ) ) ),"N.A.") -> NO PRAZO | J76: =EPI[[#This Row],[TREINADO EM]]+EPI[[#This Row],[VALIDADE]] -> 46634.088 | K76: 1 | L76: APROVADO | M76: =VLOOKUP(EPI[[#This Row],[NOME]],'CADASTRO'!A:K,6,0) -> ATIVO | N76: 21-07-2026 EPI
A77: INTERNO | B77: PIU JDE | C77: GUILHERME DOS REIS OLIVEIRA | D77: NR 06 EPI | E77: BRUNO HENRIQUE HONORIO SILVA | F77: =VLOOKUP(EPI[[#This Row],[NOME]],'CADASTRO'!A:K,5,0) -> AUXILIAR INDUSTRIAL | G77: 45092 | H77: 365 | I77: =IF(EPI[[#This Row],[SITUAÇÃO]]="ATIVO", IF(EPI[[#This Row],[CONDIÇÃO]]="N.A.", "N.A.", IF(EPI[[#This Row],[CONDIÇÃO]]="REPROVADO", "REPROVADO", IF(EPI[[#This Row],[CONDIÇÃO]]="RECICLADO", "HISTORICO", IF(EPI[[#This Row],[CONDIÇÃO]]="SEM REGISTRO", "SEM REGISTRO", IF(G466="01/01/1900", "SEM REGISTRO", IF((G77+H77)>TODAY(), "NO PRAZO", "VENCIDO" ) ) ) ) ) ),"N.A.") -> N.A. | J77: =EPI[[#This Row],[TREINADO EM]]+EPI[[#This Row],[VALIDADE]] -> 45457 | K77: 1 | L77: RECICLADO | M77: =VLOOKUP(EPI[[#This Row],[NOME]],'CADASTRO'!A:K,6,0) -> DESLIGADO
A78: INTERNO | B78: PIU JDE | C78: ROMULO GONCALVES PEREIRA BRAGA | D78: NR 06 EPI | E78: BRUNO HENRIQUE HONORIO SILVA | F78: =VLOOKUP(EPI[[#This Row],[NOME]],'CADASTRO'!A:K,5,0) -> AUXILIAR INDUSTRIAL | G78: 45279 | H78: 365 | I78: =IF(EPI[[#This Row],[SITUAÇÃO]]="ATIVO", IF(EPI[[#This Row],[CONDIÇÃO]]="N.A.", "N.A.", IF(EPI[[#This Row],[CONDIÇÃO]]="REPROVADO", "REPROVADO", IF(EPI[[#This Row],[CONDIÇÃO]]="RECICLADO", "HISTORICO", IF(EPI[[#This Row],[CONDIÇÃO]]="SEM REGISTRO", "SEM REGISTRO", IF(G467="01/01/1900", "SEM REGISTRO", IF((G78+H78)>TODAY(), "NO PRAZO", "VENCIDO" ) ) ) ) ) ),"N.A.") -> N.A. | J78: =EPI[[#This Row],[TREINADO EM]]+EPI[[#This Row],[VALIDADE]] -> 45644 | K78: 1 | L78: RECICLADO | M78: =VLOOKUP(EPI[[#This Row],[NOME]],'CADASTRO'!A:K,6,0) -> DESLIGADO
A79: INTERNO | B79: PIU JDE | C79: GUILHERME DOS REIS OLIVEIRA | D79: NR 06 EPI | E79: BRUNO HENRIQUE HONORIO SILVA | F79: =VLOOKUP(EPI[[#This Row],[NOME]],'CADASTRO'!A:K,5,0) -> AUXILIAR INDUSTRIAL | G79: 45589 | H79: 365 | I79: =IF(EPI[[#This Row],[SITUAÇÃO]]="ATIVO", IF(EPI[[#This Row],[CONDIÇÃO]]="N.A.", "N.A.", IF(EPI[[#This Row],[CONDIÇÃO]]="REPROVADO", "REPROVADO", IF(EPI[[#This Row],[CONDIÇÃO]]="RECICLADO", "HISTORICO", IF(EPI[[#This Row],[CONDIÇÃO]]="SEM REGISTRO", "SEM REGISTRO", IF(G468="01/01/1900", "SEM REGISTRO", IF((G79+H79)>TODAY(), "NO PRAZO", "VENCIDO" ) ) ) ) ) ),"N.A.") -> N.A. | J79: =EPI[[#This Row],[TREINADO EM]]+EPI[[#This Row],[VALIDADE]] -> 45954 | K79: 1 | L79: RECICLADO | M79: =VLOOKUP(EPI[[#This Row],[NOME]],'CADASTRO'!A:K,6,0) -> DESLIGADO
A80: INTERNO | B80: PIU JDE | C80: TIAGO TEIXEIRA DE CARVALHO | D80: NR 06 EPI | E80: BRUNO HENRIQUE HONORIO SILVA | F80: =VLOOKUP(EPI[[#This Row],[NOME]],'CADASTRO'!A:K,5,0) -> AUXILIAR INDUSTRIAL | G80: 45645 | H80: 365 | I80: =IF(EPI[[#This Row],[SITUAÇÃO]]="ATIVO", IF(EPI[[#This Row],[CONDIÇÃO]]="N.A.", "N.A.", IF(EPI[[#This Row],[CONDIÇÃO]]="REPROVADO", "REPROVADO", IF(EPI[[#This Row],[CONDIÇÃO]]="RECICLADO", "HISTORICO", IF(EPI[[#This Row],[CONDIÇÃO]]="SEM REGISTRO", "SEM REGISTRO", IF(G469="01/01/1900", "SEM REGISTRO", IF((G80+H80)>TODAY(), "NO PRAZO", "VENCIDO" ) ) ) ) ) ),"N.A.") -> N.A. | J80: =EPI[[#This Row],[TREINADO EM]]+EPI[[#This Row],[VALIDADE]] -> 46010 | K80: 1 | L80: APROVADO | M80: =VLOOKUP(EPI[[#This Row],[NOME]],'CADASTRO'!A:K,6,0) -> DESLIGADO
A81: INTERNO | B81: PIU JDE | C81: GUILHERME DOS REIS OLIVEIRA | D81: NR 06 EPI | E81: CAIO GUILHERME SALES FERREIRA | F81: =VLOOKUP(EPI[[#This Row],[NOME]],'CADASTRO'!A:K,5,0) -> COORDENADOR CONTROLE DE QUALIDADE | G81: 45092 | H81: 365 | I81: =IF(EPI[[#This Row],[SITUAÇÃO]]="ATIVO", IF(EPI[[#This Row],[CONDIÇÃO]]="N.A.", "N.A.", IF(EPI[[#This Row],[CONDIÇÃO]]="REPROVADO", "REPROVADO", IF(EPI[[#This Row],[CONDIÇÃO]]="RECICLADO", "HISTORICO", IF(EPI[[#This Row],[CONDIÇÃO]]="SEM REGISTRO", "SEM REGISTRO", IF(G470="01/01/1900", "SEM REGISTRO", IF((G81+H81)>TODAY(), "NO PRAZO", "VENCIDO" ) ) ) ) ) ),"N.A.") -> HISTORICO | J81: =EPI[[#This Row],[TREINADO EM]]+EPI[[#This Row],[VALIDADE]] -> 45457 | K81: 1 | L81: RECICLADO | M81: =VLOOKUP(EPI[[#This Row],[NOME]],'CADASTRO'!A:K,6,0) -> ATIVO
A82: INTERNO | B82: PIU JDE | C82: ROMULO GONCALVES PEREIRA BRAGA | D82: NR 06 EPI | E82: CAIO GUILHERME SALES FERREIRA | F82: =VLOOKUP(EPI[[#This Row],[NOME]],'CADASTRO'!A:K,5,0) -> COORDENADOR CONTROLE DE QUALIDADE | G82: 45547 | H82: 365 | I82: =IF(EPI[[#This Row],[SITUAÇÃO]]="ATIVO", IF(EPI[[#This Row],[CONDIÇÃO]]="N.A.", "N.A.", IF(EPI[[#This Row],[CONDIÇÃO]]="REPROVADO", "REPROVADO", IF(EPI[[#This Row],[CONDIÇÃO]]="RECICLADO", "HISTORICO", IF(EPI[[#This Row],[CONDIÇÃO]]="SEM REGISTRO", "SEM REGISTRO", IF(G471="01/01/1900", "SEM REGISTRO", IF((G82+H82)>TODAY(), "NO PRAZO", "VENCIDO" ) ) ) ) ) ),"N.A.") -> HISTORICO | J82: =EPI[[#This Row],[TREINADO EM]]+EPI[[#This Row],[VALIDADE]] -> 45912 | K82: 1 | L82: RECICLADO | M82: =VLOOKUP(EPI[[#This Row],[NOME]],'CADASTRO'!A:K,6,0) -> ATIVO
A83: INTERNO | B83: PIU JDE | C83: GUILHERME DOS REIS OLIVEIRA | D83: NR 06 EPI | E83: CAIO GUILHERME SALES FERREIRA | F83: =VLOOKUP(EPI[[#This Row],[NOME]],'CADASTRO'!A:K,5,0) -> COORDENADOR CONTROLE DE QUALIDADE | G83: 45645 | H83: 365 | I83: =IF(EPI[[#This Row],[SITUAÇÃO]]="ATIVO", IF(EPI[[#This Row],[CONDIÇÃO]]="N.A.", "N.A.", IF(EPI[[#This Row],[CONDIÇÃO]]="REPROVADO", "REPROVADO", IF(EPI[[#This Row],[CONDIÇÃO]]="RECICLADO", "HISTORICO", IF(EPI[[#This Row],[CONDIÇÃO]]="SEM REGISTRO", "SEM REGISTRO", IF(G472="01/01/1900", "SEM REGISTRO", IF((G83+H83)>TODAY(), "NO PRAZO", "VENCIDO" ) ) ) ) ) ),"N.A.") -> HISTORICO | J83: =EPI[[#This Row],[TREINADO EM]]+EPI[[#This Row],[VALIDADE]] -> 46010 | K83: 1 | L83: RECICLADO | M83: =VLOOKUP(EPI[[#This Row],[NOME]],'CADASTRO'!A:K,6,0) -> ATIVO
A84: INTERNO | B84: PIU JDE | C84: GUILHERME DOS REIS OLIVEIRA | D84: NR 06 EPI | E84: CAIO GUILHERME SALES FERREIRA | F84: =VLOOKUP(EPI[[#This Row],[NOME]],'CADASTRO'!A:K,5,0) -> COORDENADOR CONTROLE DE QUALIDADE | G84: 46009 | H84: 365 | I84: =IF(EPI[[#This Row],[SITUAÇÃO]]="ATIVO", IF(EPI[[#This Row],[CONDIÇÃO]]="N.A.", "N.A.", IF(EPI[[#This Row],[CONDIÇÃO]]="REPROVADO", "REPROVADO", IF(EPI[[#This Row],[CONDIÇÃO]]="RECICLADO", "HISTORICO", IF(EPI[[#This Row],[CONDIÇÃO]]="SEM REGISTRO", "SEM REGISTRO", IF(G473="01/01/1900", "SEM REGISTRO", IF((G84+H84)>TODAY(), "NO PRAZO", "VENCIDO" ) ) ) ) ) ),"N.A.") -> NO PRAZO | J84: =EPI[[#This Row],[TREINADO EM]]+EPI[[#This Row],[VALIDADE]] -> 46374 | K84: 1 | L84: APROVADO | M84: =VLOOKUP(EPI[[#This Row],[NOME]],'CADASTRO'!A:K,6,0) -> ATIVO
A85: INTERNO | B85: PIU JDE | C85: GUILHERME DOS REIS OLIVEIRA | D85: NR 06 EPI | E85: CAIQUE GUSTAVO VENTURA | F85: =VLOOKUP(EPI[[#This Row],[NOME]],'CADASTRO'!A:K,5,0) -> ASSISTENTE ADMINISTRATIVO | G85: 44928 | H85: 365 | I85: =IF(EPI[[#This Row],[SITUAÇÃO]]="ATIVO", IF(EPI[[#This Row],[CONDIÇÃO]]="N.A.", "N.A.", IF(EPI[[#This Row],[CONDIÇÃO]]="REPROVADO", "REPROVADO", IF(EPI[[#This Row],[CONDIÇÃO]]="RECICLADO", "HISTORICO", IF(EPI[[#This Row],[CONDIÇÃO]]="SEM REGISTRO", "SEM REGISTRO", IF(G474="01/01/1900", "SEM REGISTRO", IF((G85+H85)>TODAY(), "NO PRAZO", "VENCIDO" ) ) ) ) ) ),"N.A.") -> N.A. | J85: =EPI[[#This Row],[TREINADO EM]]+EPI[[#This Row],[VALIDADE]] -> 45293 | K85: 1 | L85: RECICLADO | M85: =VLOOKUP(EPI[[#This Row],[NOME]],'CADASTRO'!A:K,6,0) -> DESLIGADO
A86: INTERNO | B86: PIU JDE | C86: ROMULO GONCALVES PEREIRA BRAGA | D86: NR 06 EPI | E86: CAIQUE GUSTAVO VENTURA | F86: =VLOOKUP(EPI[[#This Row],[NOME]],'CADASTRO'!A:K,5,0) -> ASSISTENTE ADMINISTRATIVO | G86: 45279 | H86: 365 | I86: =IF(EPI[[#This Row],[SITUAÇÃO]]="ATIVO", IF(EPI[[#This Row],[CONDIÇÃO]]="N.A.", "N.A.", IF(EPI[[#This Row],[CONDIÇÃO]]="REPROVADO", "REPROVADO", IF(EPI[[#This Row],[CONDIÇÃO]]="RECICLADO", "HISTORICO", IF(EPI[[#This Row],[CONDIÇÃO]]="SEM REGISTRO", "SEM REGISTRO", IF(G475="01/01/1900", "SEM REGISTRO", IF((G86+H86)>TODAY(), "NO PRAZO", "VENCIDO" ) ) ) ) ) ),"N.A.") -> N.A. | J86: =EPI[[#This Row],[TREINADO EM]]+EPI[[#This Row],[VALIDADE]] -> 45644 | K86: 1 | L86: RECICLADO | M86: =VLOOKUP(EPI[[#This Row],[NOME]],'CADASTRO'!A:K,6,0) -> DESLIGADO
A87: INTERNO | B87: PIU JDE | C87: GUILHERME DOS REIS OLIVEIRA | D87: NR 06 EPI | E87: CAIQUE GUSTAVO VENTURA | F87: =VLOOKUP(EPI[[#This Row],[NOME]],'CADASTRO'!A:K,5,0) -> ASSISTENTE ADMINISTRATIVO | G87: 45589 | H87: 365 | I87: =IF(EPI[[#This Row],[SITUAÇÃO]]="ATIVO", IF(EPI[[#This Row],[CONDIÇÃO]]="N.A.", "N.A.", IF(EPI[[#This Row],[CONDIÇÃO]]="REPROVADO", "REPROVADO", IF(EPI[[#This Row],[CONDIÇÃO]]="RECICLADO", "HISTORICO", IF(EPI[[#This Row],[CONDIÇÃO]]="SEM REGISTRO", "SEM REGISTRO", IF(G476="01/01/1900", "SEM REGISTRO", IF((G87+H87)>TODAY(), "NO PRAZO", "VENCIDO" ) ) ) ) ) ),"N.A.") -> N.A. | J87: =EPI[[#This Row],[TREINADO EM]]+EPI[[#This Row],[VALIDADE]] -> 45954 | K87: 1 | L87: RECICLADO | M87: =VLOOKUP(EPI[[#This Row],[NOME]],'CADASTRO'!A:K,6,0) -> DESLIGADO
A88: INTERNO | B88: PIU JDE | C88: GUILHERME DOS REIS OLIVEIRA | D88: NR 06 EPI | E88: CAIQUE GUSTAVO VENTURA | F88: =VLOOKUP(EPI[[#This Row],[NOME]],'CADASTRO'!A:K,5,0) -> ASSISTENTE ADMINISTRATIVO | G88: 45882 | H88: 365 | I88: =IF(EPI[[#This Row],[SITUAÇÃO]]="ATIVO", IF(EPI[[#This Row],[CONDIÇÃO]]="N.A.", "N.A.", IF(EPI[[#This Row],[CONDIÇÃO]]="REPROVADO", "REPROVADO", IF(EPI[[#This Row],[CONDIÇÃO]]="RECICLADO", "HISTORICO", IF(EPI[[#This Row],[CONDIÇÃO]]="SEM REGISTRO", "SEM REGISTRO", IF(G477="01/01/1900", "SEM REGISTRO", IF((G88+H88)>TODAY(), "NO PRAZO", "VENCIDO" ) ) ) ) ) ),"N.A.") -> N.A. | J88: =EPI[[#This Row],[TREINADO EM]]+EPI[[#This Row],[VALIDADE]] -> 46247 | K88: 1 | L88: APROVADO | M88: =VLOOKUP(EPI[[#This Row],[NOME]],'CADASTRO'!A:K,6,0) -> DESLIGADO
... A111: INTERNO | B111: PIU JDE | C111: TIAGO TEIXEIRA DE CARVALHO | D111: NR 06 EPI | E111: CARLOS INACIO PEREIRA DE SOUZA | F111: =VLOOKUP(EPI[[#This Row],[NOME]],'CADASTRO'!A:K,5,0) -> OPERADOR INDUSTRIAL I | G111: 45645 | H111: 365 | I111: =IF(EPI[[#This Row],[SITUAÇÃO]]="ATIVO", IF(EPI[[#This Row],[CONDIÇÃO]]="N.A.", "N.A.", IF(EPI[[#This Row],[CONDIÇÃO]]="REPROVADO", "REPROVADO", IF(EPI[[#This Row],[CONDIÇÃO]]="RECICLADO", "HISTORICO", IF(EPI[[#This Row],[CONDIÇÃO]]="SEM REGISTRO", "SEM REGISTRO", IF(G500="01/01/1900", "SEM REGISTRO", IF((G111+H111)>TODAY(), "NO PRAZO", "VENCIDO" ) ) ) ) ) ),"N.A.") -> HISTORICO | J111: =EPI[[#This Row],[TREINADO EM]]+EPI[[#This Row],[VALIDADE]] -> 46010 | K111: 1 | L111: RECICLADO | M111: =VLOOKUP(EPI[[#This Row],[NOME]],'CADASTRO'!A:K,6,0) -> ATIVO
A112: INTERNO | B112: PIU JDE | C112: GUILHERME DOS REIS OLIVEIRA | D112: NR 06 EPI | E112: CARLOS INACIO PEREIRA DE SOUZA | F112: =VLOOKUP(EPI[[#This Row],[NOME]],'CADASTRO'!A:K,5,0) -> OPERADOR INDUSTRIAL I | G112: 46209.181 | H112: 183 | I112: =IF(EPI[[#This Row],[SITUAÇÃO]]="ATIVO", IF(EPI[[#This Row],[CONDIÇÃO]]="N.A.", "N.A.", IF(EPI[[#This Row],[CONDIÇÃO]]="REPROVADO", "REPROVADO", IF(EPI[[#This Row],[CONDIÇÃO]]="RECICLADO", "HISTORICO", IF(EPI[[#This Row],[CONDIÇÃO]]="SEM REGISTRO", "SEM REGISTRO", IF(G501="01/01/1900", "SEM REGISTRO", IF((G112+H112)>TODAY(), "NO PRAZO", "VENCIDO" ) ) ) ) ) ),"N.A.") -> NO PRAZO | J112: =EPI[[#This Row],[TREINADO EM]]+EPI[[#This Row],[VALIDADE]] -> 46392.181 | K112: 1 | L112: APROVADO | M112: =VLOOKUP(EPI[[#This Row],[NOME]],'CADASTRO'!A:K,6,0) -> ATIVO | N112: 12-05-2026 EPI
A113: INTERNO | B113: PIU JDE | C113: GUILHERME DOS REIS OLIVEIRA | D113: NR 06 EPI | E113: CLEIDIANE PEREIRA SILVA | F113: =VLOOKUP(EPI[[#This Row],[NOME]],'CADASTRO'!A:K,5,0) -> OPERADOR INDUSTRIAL I | G113: 44652 | H113: 365 | I113: =IF(EPI[[#This Row],[SITUAÇÃO]]="ATIVO", IF(EPI[[#This Row],[CONDIÇÃO]]="N.A.", "N.A.", IF(EPI[[#This Row],[CONDIÇÃO]]="REPROVADO", "REPROVADO", IF(EPI[[#This Row],[CONDIÇÃO]]="RECICLADO", "HISTORICO", IF(EPI[[#This Row],[CONDIÇÃO]]="SEM REGISTRO", "SEM REGISTRO", IF(G502="01/01/1900", "SEM REGISTRO", IF((G113+H113)>TODAY(), "NO PRAZO", "VENCIDO" ) ) ) ) ) ),"N.A.") -> N.A. | J113: =EPI[[#This Row],[TREINADO EM]]+EPI[[#This Row],[VALIDADE]] -> 45017 | K113: 1 | L113: RECICLADO | M113: =VLOOKUP(EPI[[#This Row],[NOME]],'CADASTRO'!A:K,6,0) -> DESLIGADO
A114: INTERNO | B114: PIU JDE | C114: GUILHERME DOS REIS OLIVEIRA | D114: NR 06 EPI | E114: CLEIDIANE PEREIRA SILVA | F114: =VLOOKUP(EPI[[#This Row],[NOME]],'CADASTRO'!A:K,5,0) -> OPERADOR INDUSTRIAL I | G114: 45092 | H114: 365 | I114: =IF(EPI[[#This Row],[SITUAÇÃO]]="ATIVO", IF(EPI[[#This Row],[CONDIÇÃO]]="N.A.", "N.A.", IF(EPI[[#This Row],[CONDIÇÃO]]="REPROVADO", "REPROVADO", IF(EPI[[#This Row],[CONDIÇÃO]]="RECICLADO", "HISTORICO", IF(EPI[[#This Row],[CONDIÇÃO]]="SEM REGISTRO", "SEM REGISTRO", IF(G503="01/01/1900", "SEM REGISTRO", IF((G114+H114)>TODAY(), "NO PRAZO", "VENCIDO" ) ) ) ) ) ),"N.A.") -> N.A. | J114: =EPI[[#This Row],[TREINADO EM]]+EPI[[#This Row],[VALIDADE]] -> 45457 | K114: 1 | L114: APROVADO | M114: =VLOOKUP(EPI[[#This Row],[NOME]],'CADASTRO'!A:K,6,0) -> DESLIGADO
A115: INTERNO | B115: PIU JDE | C115: GUILHERME DOS REIS OLIVEIRA | D115: NR 06 EPI | E115: CRISTIANO FARIA DORNELA | F115: =VLOOKUP(EPI[[#This Row],[NOME]],'CADASTRO'!A:K,5,0) -> AUXILIAR INDUSTRIAL | G115: 45999 | H115: 365 | I115: =IF(EPI[[#This Row],[SITUAÇÃO]]="ATIVO", IF(EPI[[#This Row],[CONDIÇÃO]]="N.A.", "N.A.", IF(EPI[[#This Row],[CONDIÇÃO]]="REPROVADO", "REPROVADO", IF(EPI[[#This Row],[CONDIÇÃO]]="RECICLADO", "HISTORICO", IF(EPI[[#This Row],[CONDIÇÃO]]="SEM REGISTRO", "SEM REGISTRO", IF(G504="01/01/1900", "SEM REGISTRO", IF((G115+H115)>TODAY(), "NO PRAZO", "VENCIDO" ) ) ) ) ) ),"N.A.") -> N.A. | J115: =EPI[[#This Row],[TREINADO EM]]+EPI[[#This Row],[VALIDADE]] -> 46364 | K115: 1 | L115: APROVADO | M115: =VLOOKUP(EPI[[#This Row],[NOME]],'CADASTRO'!A:K,6,0) -> DESLIGADO
A116: INTERNO | B116: PIU JDE | C116: GUILHERME DOS REIS OLIVEIRA | D116: NR 06 EPI | E116: DANIEL ALMEIDA MADUREIRA | F116: =VLOOKUP(EPI[[#This Row],[NOME]],'CADASTRO'!A:K,5,0) -> OPERADOR INDUSTRIAL II | G116: 44928 | H116: 365 | I116: =IF(EPI[[#This Row],[SITUAÇÃO]]="ATIVO", IF(EPI[[#This Row],[CONDIÇÃO]]="N.A.", "N.A.", IF(EPI[[#This Row],[CONDIÇÃO]]="REPROVADO", "REPROVADO", IF(EPI[[#This Row],[CONDIÇÃO]]="RECICLADO", "HISTORICO", IF(EPI[[#This Row],[CONDIÇÃO]]="SEM REGISTRO", "SEM REGISTRO", IF(G505="01/01/1900", "SEM REGISTRO", IF((G116+H116)>TODAY(), "NO PRAZO", "VENCIDO" ) ) ) ) ) ),"N.A.") -> HISTORICO | J116: =EPI[[#This Row],[TREINADO EM]]+EPI[[#This Row],[VALIDADE]] -> 45293 | K116: 1 | L116: RECICLADO | M116: =VLOOKUP(EPI[[#This Row],[NOME]],'CADASTRO'!A:K,6,0) -> ATIVO
A117: INTERNO | B117: PIU JDE | C117: ROMULO GONCALVES PEREIRA BRAGA | D117: NR 06 EPI | E117: DANIEL ALMEIDA MADUREIRA | F117: =VLOOKUP(EPI[[#This Row],[NOME]],'CADASTRO'!A:K,5,0) -> OPERADOR INDUSTRIAL II | G117: 45279 | H117: 365 | I117: =IF(EPI[[#This Row],[SITUAÇÃO]]="ATIVO", IF(EPI[[#This Row],[CONDIÇÃO]]="N.A.", "N.A.", IF(EPI[[#This Row],[CONDIÇÃO]]="REPROVADO", "REPROVADO", IF(EPI[[#This Row],[CONDIÇÃO]]="RECICLADO", "HISTORICO", IF(EPI[[#This Row],[CONDIÇÃO]]="SEM REGISTRO", "SEM REGISTRO", IF(G506="01/01/1900", "SEM REGISTRO", IF((G117+H117)>TODAY(), "NO PRAZO", "VENCIDO" ) ) ) ) ) ),"N.A.") -> HISTORICO | J117: =EPI[[#This Row],[TREINADO EM]]+EPI[[#This Row],[VALIDADE]] -> 45644 | K117: 1 | L117: RECICLADO | M117: =VLOOKUP(EPI[[#This Row],[NOME]],'CADASTRO'!A:K,6,0) -> ATIVO
A118: INTERNO | B118: PIU JDE | C118: TIAGO TEIXEIRA DE CARVALHO | D118: NR 06 EPI | E118: DANIEL ALMEIDA MADUREIRA | F118: =VLOOKUP(EPI[[#This Row],[NOME]],'CADASTRO'!A:K,5,0) -> OPERADOR INDUSTRIAL II | G118: 45645 | H118: 365 | I118: =IF(EPI[[#This Row],[SITUAÇÃO]]="ATIVO", IF(EPI[[#This Row],[CONDIÇÃO]]="N.A.", "N.A.", IF(EPI[[#This Row],[CONDIÇÃO]]="REPROVADO", "REPROVADO", IF(EPI[[#This Row],[CONDIÇÃO]]="RECICLADO", "HISTORICO", IF(EPI[[#This Row],[CONDIÇÃO]]="SEM REGISTRO", "SEM REGISTRO", IF(G507="01/01/1900", "SEM REGISTRO", IF((G118+H118)>TODAY(), "NO PRAZO", "VENCIDO" ) ) ) ) ) ),"N.A.") -> HISTORICO | J118: =EPI[[#This Row],[TREINADO EM]]+EPI[[#This Row],[VALIDADE]] -> 46010 | K118: 1 | L118: RECICLADO | M118: =VLOOKUP(EPI[[#This Row],[NOME]],'CADASTRO'!A:K,6,0) -> ATIVO
A119: INTERNO | B119: PIU JDE | C119: GUILHERME DOS REIS OLIVEIRA | D119: NR 06 EPI | E119: DANIEL ALMEIDA MADUREIRA | F119: =VLOOKUP(EPI[[#This Row],[NOME]],'CADASTRO'!A:K,5,0) -> OPERADOR INDUSTRIAL II | G119: 46206.991 | H119: 183 | I119: =IF(EPI[[#This Row],[SITUAÇÃO]]="ATIVO", IF(EPI[[#This Row],[CONDIÇÃO]]="N.A.", "N.A.", IF(EPI[[#This Row],[CONDIÇÃO]]="REPROVADO", "REPROVADO", IF(EPI[[#This Row],[CONDIÇÃO]]="RECICLADO", "HISTORICO", IF(EPI[[#This Row],[CONDIÇÃO]]="SEM REGISTRO", "SEM REGISTRO", IF(G508="01/01/1900", "SEM REGISTRO", IF((G119+H119)>TODAY(), "NO PRAZO", "VENCIDO" ) ) ) ) ) ),"N.A.") -> HISTORICO | J119: =EPI[[#This Row],[TREINADO EM]]+EPI[[#This Row],[VALIDADE]] -> 46389.991 | K119: 1 | L119: RECICLADO | M119: =VLOOKUP(EPI[[#This Row],[NOME]],'CADASTRO'!A:K,6,0) -> ATIVO | N119: 12-05-2026 EPI
A120: INTERNO | B120: PIU JDE | C120: GUILHERME DOS REIS OLIVEIRA | D120: NR 06 EPI | E120: DANIEL ALMEIDA MADUREIRA | F120: =VLOOKUP(EPI[[#This Row],[NOME]],'CADASTRO'!A:K,5,0) -> OPERADOR INDUSTRIAL II | G120: 46293 | H120: 365 | I120: =IF(EPI[[#This Row],[SITUAÇÃO]]="ATIVO", IF(EPI[[#This Row],[CONDIÇÃO]]="N.A.", "N.A.", IF(EPI[[#This Row],[CONDIÇÃO]]="REPROVADO", "REPROVADO", IF(EPI[[#This Row],[CONDIÇÃO]]="RECICLADO", "HISTORICO", IF(EPI[[#This Row],[CONDIÇÃO]]="SEM REGISTRO", "SEM REGISTRO", IF(G509="01/01/1900", "SEM REGISTRO", IF((G120+H120)>TODAY(), "NO PRAZO", "VENCIDO" ) ) ) ) ) ),"N.A.") -> NO PRAZO | J120: =EPI[[#This Row],[TREINADO EM]]+EPI[[#This Row],[VALIDADE]] -> 46658 | K120: 1 | L120: APROVADO | M120: =VLOOKUP(EPI[[#This Row],[NOME]],'CADASTRO'!A:K,6,0) -> ATIVO
A121: INTERNO | B121: PIU JDE | C121: GUILHERME DOS REIS OLIVEIRA | D121: NR 06 EPI | E121: DANIEL MOTA DE OLIVEIRA | F121: =VLOOKUP(EPI[[#This Row],[NOME]],'CADASTRO'!A:K,5,0) -> AUXILIAR INDUSTRIAL | G121: 45029 | H121: 365 | I121: =IF(EPI[[#This Row],[SITUAÇÃO]]="ATIVO", IF(EPI[[#This Row],[CONDIÇÃO]]="N.A.", "N.A.", IF(EPI[[#This Row],[CONDIÇÃO]]="REPROVADO", "REPROVADO", IF(EPI[[#This Row],[CONDIÇÃO]]="RECICLADO", "HISTORICO", IF(EPI[[#This Row],[CONDIÇÃO]]="SEM REGISTRO", "SEM REGISTRO", IF(G510="01/01/1900", "SEM REGISTRO", IF((G121+H121)>TODAY(), "NO PRAZO", "VENCIDO" ) ) ) ) ) ),"N.A.") -> N.A. | J121: =EPI[[#This Row],[TREINADO EM]]+EPI[[#This Row],[VALIDADE]] -> 45394 | K121: 1 | L121: RECICLADO | M121: =VLOOKUP(EPI[[#This Row],[NOME]],'CADASTRO'!A:K,6,0) -> DESLIGADO
A122: INTERNO | B122: PIU JDE | C122: ROMULO GONCALVES PEREIRA BRAGA | D122: NR 06 EPI | E122: DANIEL MOTA DE OLIVEIRA | F122: =VLOOKUP(EPI[[#This Row],[NOME]],'CADASTRO'!A:K,5,0) -> AUXILIAR INDUSTRIAL | G122: 45279 | H122: 365 | I122: =IF(EPI[[#This Row],[SITUAÇÃO]]="ATIVO", IF(EPI[[#This Row],[CONDIÇÃO]]="N.A.", "N.A.", IF(EPI[[#This Row],[CONDIÇÃO]]="REPROVADO", "REPROVADO", IF(EPI[[#This Row],[CONDIÇÃO]]="RECICLADO", "HISTORICO", IF(EPI[[#This Row],[CONDIÇÃO]]="SEM REGISTRO", "SEM REGISTRO", IF(G511="01/01/1900", "SEM REGISTRO", IF((G122+H122)>TODAY(), "NO PRAZO", "VENCIDO" ) ) ) ) ) ),"N.A.") -> N.A. | J122: =EPI[[#This Row],[TREINADO EM]]+EPI[[#This Row],[VALIDADE]] -> 45644 | K122: 1 | L122: APROVADO | M122: =VLOOKUP(EPI[[#This Row],[NOME]],'CADASTRO'!A:K,6,0) -> DESLIGADO
...

Sheet NR10
A1: ORIGEM | B1: FORNECEDOR | C1: INSTRUTOR | D1: TREINAMENTO | E1: NOME | F1: CARGO | G1: TREINADO EM | H1: VALIDADE | I1: STATUS | J1: VENCE EM | K1: CARGA HORARIA | L1: CONDIÇÃO | M1: SITUAÇÃO
A2: EXTERNO | B2: EXXCELENCIA | C2: VINICIUS FERREIRA | D2: NR 10 - BAIXA E MEDIA TENSAO | E2: ALCIMAR DOS SANTOS FARIA | F2: =VLOOKUP(NR10.BAIXATENSAO[[#This Row],[NOME]],'CADASTRO'!A:K,5,0) -> TECNICO ELETRONICO I | G2: 44252 | H2: 730 | I2: =IF(NR10.BAIXATENSAO[[#This Row],[SITUAÇÃO]]="ATIVO", IF(NR10.BAIXATENSAO[[#This Row],[CONDIÇÃO]]="N.A.", "N.A.", IF(NR10.BAIXATENSAO[[#This Row],[CONDIÇÃO]]="REPROVADO", "REPROVADO", IF(NR10.BAIXATENSAO[[#This Row],[CONDIÇÃO]]="RECICLADO", "HISTORICO", IF(NR10.BAIXATENSAO[[#This Row],[CONDIÇÃO]]="SEM REGISTRO", "SEM REGISTRO", IF(G333="01/01/1900", "SEM REGISTRO", IF((G2+H2)>TODAY(), "NO PRAZO", "VENCIDO" ) ) ) ) ) ),"N.A.") -> N.A. | J2: =NR10.BAIXATENSAO[[#This Row],[TREINADO EM]]+NR10.BAIXATENSAO[[#This Row],[VALIDADE]] -> 44982 | K2: 40 | L2: N.A. | M2: =VLOOKUP(NR10.BAIXATENSAO[[#This Row],[NOME]],'CADASTRO'!A:K,6,0) -> DESLIGADO
A3: EXTERNO | B3: MERITUS | C3: LUIZ SANTOS | D3: NR 10 - BAIXA E MEDIA TENSAO | E3: ANDERSON APARECIDO DO AMARAL | F3: =VLOOKUP(NR10.BAIXATENSAO[[#This Row],[NOME]],'CADASTRO'!A:K,5,0) -> TECNICO ELETRONICO II | G3: 46255 | H3: 730 | I3: =IF(NR10.BAIXATENSAO[[#This Row],[SITUAÇÃO]]="ATIVO", IF(NR10.BAIXATENSAO[[#This Row],[CONDIÇÃO]]="N.A.", "N.A.", IF(NR10.BAIXATENSAO[[#This Row],[CONDIÇÃO]]="REPROVADO", "REPROVADO", IF(NR10.BAIXATENSAO[[#This Row],[CONDIÇÃO]]="RECICLADO", "HISTORICO", IF(NR10.BAIXATENSAO[[#This Row],[CONDIÇÃO]]="SEM REGISTRO", "SEM REGISTRO", IF(G334="01/01/1900", "SEM REGISTRO", IF((G3+H3)>TODAY(), "NO PRAZO", "VENCIDO" ) ) ) ) ) ),"N.A.") -> NO PRAZO | J3: =NR10.BAIXATENSAO[[#This Row],[TREINADO EM]]+NR10.BAIXATENSAO[[#This Row],[VALIDADE]] -> 46985 | K3: 40 | L3: APROVADO | M3: =VLOOKUP(NR10.BAIXATENSAO[[#This Row],[NOME]],'CADASTRO'!A:K,6,0) -> ATIVO
A4: EXTERNO | B4: EXXCELENCIA | C4: VINICIUS FERREIRA | D4: NR 10 - BAIXA E MEDIA TENSAO | E4: ANGELO ROSEMBERG BELLO TEIXEIRA | F4: =VLOOKUP(NR10.BAIXATENSAO[[#This Row],[NOME]],'CADASTRO'!A:K,5,0) -> TECNICO ELETRONICO II | G4: 43930 | H4: 730 | I4: =IF(NR10.BAIXATENSAO[[#This Row],[SITUAÇÃO]]="ATIVO", IF(NR10.BAIXATENSAO[[#This Row],[CONDIÇÃO]]="N.A.", "N.A.", IF(NR10.BAIXATENSAO[[#This Row],[CONDIÇÃO]]="REPROVADO", "REPROVADO", IF(NR10.BAIXATENSAO[[#This Row],[CONDIÇÃO]]="RECICLADO", "HISTORICO", IF(NR10.BAIXATENSAO[[#This Row],[CONDIÇÃO]]="SEM REGISTRO", "SEM REGISTRO", IF(G335="01/01/1900", "SEM REGISTRO", IF((G4+H4)>TODAY(), "NO PRAZO", "VENCIDO" ) ) ) ) ) ),"N.A.") -> N.A. | J4: =NR10.BAIXATENSAO[[#This Row],[TREINADO EM]]+NR10.BAIXATENSAO[[#This Row],[VALIDADE]] -> 44660 | K4: 40 | L4: RECICLADO | M4: =VLOOKUP(NR10.BAIXATENSAO[[#This Row],[NOME]],'CADASTRO'!A:K,6,0) -> DESLIGADO
A5: EXTERNO | B5: EXXCELENCIA | C5: VINICIUS FERREIRA | D5: NR 10 - BAIXA E MEDIA TENSAO | E5: ANGELO ROSEMBERG BELLO TEIXEIRA | F5: =VLOOKUP(NR10.BAIXATENSAO[[#This Row],[NOME]],'CADASTRO'!A:K,5,0) -> TECNICO ELETRONICO II | G5: 44642 | H5: 730 | I5: =IF(NR10.BAIXATENSAO[[#This Row],[SITUAÇÃO]]="ATIVO", IF(NR10.BAIXATENSAO[[#This Row],[CONDIÇÃO]]="N.A.", "N.A.", IF(NR10.BAIXATENSAO[[#This Row],[CONDIÇÃO]]="REPROVADO", "REPROVADO", IF(NR10.BAIXATENSAO[[#This Row],[CONDIÇÃO]]="RECICLADO", "HISTORICO", IF(NR10.BAIXATENSAO[[#This Row],[CONDIÇÃO]]="SEM REGISTRO", "SEM REGISTRO", IF(G336="01/01/1900", "SEM REGISTRO", IF((G5+H5)>TODAY(), "NO PRAZO", "VENCIDO" ) ) ) ) ) ),"N.A.") -> N.A. | J5: =NR10.BAIXATENSAO[[#This Row],[TREINADO EM]]+NR10.BAIXATENSAO[[#This Row],[VALIDADE]] -> 45372 | K5: 8 | L5: RECICLADO | M5: =VLOOKUP(NR10.BAIXATENSAO[[#This Row],[NOME]],'CADASTRO'!A:K,6,0) -> DESLIGADO
A6: EXTERNO | B6: EXXCELENCIA | C6: SAYMON | D6: NR 10 - BAIXA E MEDIA TENSAO | E6: ANGELO ROSEMBERG BELLO TEIXEIRA | F6: =VLOOKUP(NR10.BAIXATENSAO[[#This Row],[NOME]],'CADASTRO'!A:K,5,0) -> TECNICO ELETRONICO II | G6: 45364 | H6: 730 | I6: =IF(NR10.BAIXATENSAO[[#This Row],[SITUAÇÃO]]="ATIVO", IF(NR10.BAIXATENSAO[[#This Row],[CONDIÇÃO]]="N.A.", "N.A.", IF(NR10.BAIXATENSAO[[#This Row],[CONDIÇÃO]]="REPROVADO", "REPROVADO", IF(NR10.BAIXATENSAO[[#This Row],[CONDIÇÃO]]="RECICLADO", "HISTORICO", IF(NR10.BAIXATENSAO[[#This Row],[CONDIÇÃO]]="SEM REGISTRO", "SEM REGISTRO", IF(G337="01/01/1900", "SEM REGISTRO", IF((G6+H6)>TODAY(), "NO PRAZO", "VENCIDO" ) ) ) ) ) ),"N.A.") -> N.A. | J6: =NR10.BAIXATENSAO[[#This Row],[TREINADO EM]]+NR10.BAIXATENSAO[[#This Row],[VALIDADE]] -> 46094 | K6: 16 | L6: APROVADO | M6: =VLOOKUP(NR10.BAIXATENSAO[[#This Row],[NOME]],'CADASTRO'!A:K,6,0) -> DESLIGADO
A7: EXTERNO | B7: EXXCELENCIA | C7: VINICIUS FERREIRA | D7: NR 10 - BAIXA E MEDIA TENSAO | E7: FABIO DE SOUZA COELHO | F7: =VLOOKUP(NR10.BAIXATENSAO[[#This Row],[NOME]],'CADASTRO'!A:K,5,0) -> TECNICO ELETRONICO III | G7: 44252 | H7: 730 | I7: =IF(NR10.BAIXATENSAO[[#This Row],[SITUAÇÃO]]="ATIVO", IF(NR10.BAIXATENSAO[[#This Row],[CONDIÇÃO]]="N.A.", "N.A.", IF(NR10.BAIXATENSAO[[#This Row],[CONDIÇÃO]]="REPROVADO", "REPROVADO", IF(NR10.BAIXATENSAO[[#This Row],[CONDIÇÃO]]="RECICLADO", "HISTORICO", IF(NR10.BAIXATENSAO[[#This Row],[CONDIÇÃO]]="SEM REGISTRO", "SEM REGISTRO", IF(G338="01/01/1900", "SEM REGISTRO", IF((G7+H7)>TODAY(), "NO PRAZO", "VENCIDO" ) ) ) ) ) ),"N.A.") -> HISTORICO | J7: =NR10.BAIXATENSAO[[#This Row],[TREINADO EM]]+NR10.BAIXATENSAO[[#This Row],[VALIDADE]] -> 44982 | K7: 40 | L7: RECICLADO | M7: =VLOOKUP(NR10.BAIXATENSAO[[#This Row],[NOME]],'CADASTRO'!A:K,6,0) -> ATIVO
A8: EXTERNO | B8: EXXCELENCIA | C8: VINICIUS FERREIRA | D8: NR 10 - BAIXA E MEDIA TENSAO | E8: FABIO DE SOUZA COELHO | F8: =VLOOKUP(NR10.BAIXATENSAO[[#This Row],[NOME]],'CADASTRO'!A:K,5,0) -> TECNICO ELETRONICO III | G8: 44966 | H8: 730 | I8: =IF(NR10.BAIXATENSAO[[#This Row],[SITUAÇÃO]]="ATIVO", IF(NR10.BAIXATENSAO[[#This Row],[CONDIÇÃO]]="N.A.", "N.A.", IF(NR10.BAIXATENSAO[[#This Row],[CONDIÇÃO]]="REPROVADO", "REPROVADO", IF(NR10.BAIXATENSAO[[#This Row],[CONDIÇÃO]]="RECICLADO", "HISTORICO", IF(NR10.BAIXATENSAO[[#This Row],[CONDIÇÃO]]="SEM REGISTRO", "SEM REGISTRO", IF(G339="01/01/1900", "SEM REGISTRO", IF((G8+H8)>TODAY(), "NO PRAZO", "VENCIDO" ) ) ) ) ) ),"N.A.") -> HISTORICO | J8: =NR10.BAIXATENSAO[[#This Row],[TREINADO EM]]+NR10.BAIXATENSAO[[#This Row],[VALIDADE]] -> 45696 | K8: 8 | L8: RECICLADO | M8: =VLOOKUP(NR10.BAIXATENSAO[[#This Row],[NOME]],'CADASTRO'!A:K,6,0) -> ATIVO
A9: EXTERNO | B9: EXXCELENCIA | C9: VINICIUS FERREIRA | D9: NR 10 - BAIXA E MEDIA TENSAO | E9: FABIO DE SOUZA COELHO | F9: =VLOOKUP(NR10.BAIXATENSAO[[#This Row],[NOME]],'CADASTRO'!A:K,5,0) -> TECNICO ELETRONICO III | G9: 45349 | H9: 730 | I9: =IF(NR10.BAIXATENSAO[[#This Row],[SITUAÇÃO]]="ATIVO", IF(NR10.BAIXATENSAO[[#This Row],[CONDIÇÃO]]="N.A.", "N.A.", IF(NR10.BAIXATENSAO[[#This Row],[CONDIÇÃO]]="REPROVADO", "REPROVADO", IF(NR10.BAIXATENSAO[[#This Row],[CONDIÇÃO]]="RECICLADO", "HISTORICO", IF(NR10.BAIXATENSAO[[#This Row],[CONDIÇÃO]]="SEM REGISTRO", "SEM REGISTRO", IF(G340="01/01/1900", "SEM REGISTRO", IF((G9+H9)>TODAY(), "NO PRAZO", "VENCIDO" ) ) ) ) ) ),"N.A.") -> HISTORICO | J9: =NR10.BAIXATENSAO[[#This Row],[TREINADO EM]]+NR10.BAIXATENSAO[[#This Row],[VALIDADE]] -> 46079 | K9: 16 | L9: RECICLADO | M9: =VLOOKUP(NR10.BAIXATENSAO[[#This Row],[NOME]],'CADASTRO'!A:K,6,0) -> ATIVO
A10: EXTERNO | B10: MERITUS | C10: FRANCIS RICARDO BARETTA | D10: NR 10 - BAIXA E MEDIA TENSAO | E10: FABIO DE SOUZA COELHO | F10: =VLOOKUP(NR10.BAIXATENSAO[[#This Row],[NOME]],'CADASTRO'!A:K,5,0) -> TECNICO ELETRONICO III | G10: 46076 | H10: 730 | I10: =IF(NR10.BAIXATENSAO[[#This Row],[SITUAÇÃO]]="ATIVO", IF(NR10.BAIXATENSAO[[#This Row],[CONDIÇÃO]]="N.A.", "N.A.", IF(NR10.BAIXATENSAO[[#This Row],[CONDIÇÃO]]="REPROVADO", "REPROVADO", IF(NR10.BAIXATENSAO[[#This Row],[CONDIÇÃO]]="RECICLADO", "HISTORICO", IF(NR10.BAIXATENSAO[[#This Row],[CONDIÇÃO]]="SEM REGISTRO", "SEM REGISTRO", IF(G341="01/01/1900", "SEM REGISTRO", IF((G10+H10)>TODAY(), "NO PRAZO", "VENCIDO" ) ) ) ) ) ),"N.A.") -> HISTORICO | J10: =NR10.BAIXATENSAO[[#This Row],[TREINADO EM]]+NR10.BAIXATENSAO[[#This Row],[VALIDADE]] -> 46806 | K10: 20 | L10: RECICLADO | M10: =VLOOKUP(NR10.BAIXATENSAO[[#This Row],[NOME]],'CADASTRO'!A:K,6,0) -> ATIVO
A11: EXTERNO | B11: MERITUS | C11: FRANCIS RICARDO BARETTA | D11: NR 10 - BAIXA E MEDIA TENSAO | E11: FABIO DE SOUZA COELHO | F11: =VLOOKUP(NR10.BAIXATENSAO[[#This Row],[NOME]],'CADASTRO'!A:K,5,0) -> TECNICO ELETRONICO III | G11: 46076 | H11: 730 | I11: =IF(NR10.BAIXATENSAO[[#This Row],[SITUAÇÃO]]="ATIVO", IF(NR10.BAIXATENSAO[[#This Row],[CONDIÇÃO]]="N.A.", "N.A.", IF(NR10.BAIXATENSAO[[#This Row],[CONDIÇÃO]]="REPROVADO", "REPROVADO", IF(NR10.BAIXATENSAO[[#This Row],[CONDIÇÃO]]="RECICLADO", "HISTORICO", IF(NR10.BAIXATENSAO[[#This Row],[CONDIÇÃO]]="SEM REGISTRO", "SEM REGISTRO", IF(G342="01/01/1900", "SEM REGISTRO", IF((G11+H11)>TODAY(), "NO PRAZO", "VENCIDO" ) ) ) ) ) ),"N.A.") -> NO PRAZO | J11: =NR10.BAIXATENSAO[[#This Row],[TREINADO EM]]+NR10.BAIXATENSAO[[#This Row],[VALIDADE]] -> 46806 | K11: 20 | L11: APROVADO | M11: =VLOOKUP(NR10.BAIXATENSAO[[#This Row],[NOME]],'CADASTRO'!A:K,6,0) -> ATIVO
A12: EXTERNO | B12: MERITUS | C12: LUIZ SANTOS | D12: NR 10 - BAIXA E MEDIA TENSAO | E12: GUILHERME DE PAULA SILVA | F12: =VLOOKUP(NR10.BAIXATENSAO[[#This Row],[NOME]],'CADASTRO'!A:K,5,0) -> TECNICO ELETRONICO I | G12: 46185 | H12: 730 | I12: =IF(NR10.BAIXATENSAO[[#This Row],[SITUAÇÃO]]="ATIVO", IF(NR10.BAIXATENSAO[[#This Row],[CONDIÇÃO]]="N.A.", "N.A.", IF(NR10.BAIXATENSAO[[#This Row],[CONDIÇÃO]]="REPROVADO", "REPROVADO", IF(NR10.BAIXATENSAO[[#This Row],[CONDIÇÃO]]="RECICLADO", "HISTORICO", IF(NR10.BAIXATENSAO[[#This Row],[CONDIÇÃO]]="SEM REGISTRO", "SEM REGISTRO", IF(G343="01/01/1900", "SEM REGISTRO", IF((G12+H12)>TODAY(), "NO PRAZO", "VENCIDO" ) ) ) ) ) ),"N.A.") -> NO PRAZO | J12: =NR10.BAIXATENSAO[[#This Row],[TREINADO EM]]+NR10.BAIXATENSAO[[#This Row],[VALIDADE]] -> 46915 | K12: 40 | L12: APROVADO | M12: =VLOOKUP(NR10.BAIXATENSAO[[#This Row],[NOME]],'CADASTRO'!A:K,6,0) -> ATIVO
A13: EXTERNO | B13: EXXCELENCIA | C13: VINICIUS FERREIRA | D13: NR 10 - BAIXA E MEDIA TENSAO | E13: IGOR SANTOS SOUSA | F13: =VLOOKUP(NR10.BAIXATENSAO[[#This Row],[NOME]],'CADASTRO'!A:K,5,0) -> TECNICO AUTOMACAO | G13: 44252 | H13: 730 | I13: =IF(NR10.BAIXATENSAO[[#This Row],[SITUAÇÃO]]="ATIVO", IF(NR10.BAIXATENSAO[[#This Row],[CONDIÇÃO]]="N.A.", "N.A.", IF(NR10.BAIXATENSAO[[#This Row],[CONDIÇÃO]]="REPROVADO", "REPROVADO", IF(NR10.BAIXATENSAO[[#This Row],[CONDIÇÃO]]="RECICLADO", "HISTORICO", IF(NR10.BAIXATENSAO[[#This Row],[CONDIÇÃO]]="SEM REGISTRO", "SEM REGISTRO", IF(G344="01/01/1900", "SEM REGISTRO", IF((G13+H13)>TODAY(), "NO PRAZO", "VENCIDO" ) ) ) ) ) ),"N.A.") -> HISTORICO | J13: =NR10.BAIXATENSAO[[#This Row],[TREINADO EM]]+NR10.BAIXATENSAO[[#This Row],[VALIDADE]] -> 44982 | K13: 40 | L13: RECICLADO | M13: =VLOOKUP(NR10.BAIXATENSAO[[#This Row],[NOME]],'CADASTRO'!A:K,6,0) -> ATIVO
... A33: EXTERNO | B33: MERITUS | C33: LUIZ SANTOS | D33: NR 10 - BAIXA E MEDIA TENSAO | E33: WALLACE JOSE SILVA PEREIRA | F33: =VLOOKUP(NR10.BAIXATENSAO[[#This Row],[NOME]],'CADASTRO'!A:K,5,0) -> TECNICO ELETRONICO II | G33: 45631 | H33: 730 | I33: =IF(NR10.BAIXATENSAO[[#This Row],[SITUAÇÃO]]="ATIVO", IF(NR10.BAIXATENSAO[[#This Row],[CONDIÇÃO]]="N.A.", "N.A.", IF(NR10.BAIXATENSAO[[#This Row],[CONDIÇÃO]]="REPROVADO", "REPROVADO", IF(NR10.BAIXATENSAO[[#This Row],[CONDIÇÃO]]="RECICLADO", "HISTORICO", IF(NR10.BAIXATENSAO[[#This Row],[CONDIÇÃO]]="SEM REGISTRO", "SEM REGISTRO", IF(G364="01/01/1900", "SEM REGISTRO", IF((G33+H33)>TODAY(), "NO PRAZO", "VENCIDO" ) ) ) ) ) ),"N.A.") -> NO PRAZO | J33: =NR10.BAIXATENSAO[[#This Row],[TREINADO EM]]+NR10.BAIXATENSAO[[#This Row],[VALIDADE]] -> 46361 | K33: 40 | L33: APROVADO | M33: =VLOOKUP(NR10.BAIXATENSAO[[#This Row],[NOME]],'CADASTRO'!A:K,6,0) -> ATIVO

Sheet NR10 SEP
A1: ORIGEM | B1: FORNECEDOR | C1: INSTRUTOR | D1: TREINAMENTO | E1: NOME | F1: CARGO | G1: TREINADO EM | H1: VALIDADE | I1: STATUS | J1: VENCE EM | K1: CARGA HORARIA | L1: CONDIÇÃO | M1: SITUAÇÃO
A2: EXTERNO | B2: EXXCELENCIA | C2: DEYVID FRANKLIN | D2: NR 10 - SISTEMA ELETRICO DE POTENCIA | E2: ANGELO ROSEMBERG BELLO TEIXEIRA | F2: =VLOOKUP(NR10.SEP[[#This Row],[NOME]],'CADASTRO'!A:K,5,0) -> TECNICO ELETRONICO II | G2: 44873 | H2: 730 | I2: =IF(NR10.SEP[[#This Row],[SITUAÇÃO]]="ATIVO", IF(NR10.SEP[[#This Row],[CONDIÇÃO]]="N.A.", "N.A.", IF(NR10.SEP[[#This Row],[CONDIÇÃO]]="REPROVADO", "REPROVADO", IF(NR10.SEP[[#This Row],[CONDIÇÃO]]="RECICLADO", "HISTORICO", IF(NR10.SEP[[#This Row],[CONDIÇÃO]]="SEM REGISTRO", "SEM REGISTRO", IF(G338="01/01/1900", "SEM REGISTRO", IF((G2+H2)>TODAY(), "NO PRAZO", "VENCIDO" ) ) ) ) ) ),"N.A.") -> N.A. | J2: =NR10.SEP[[#This Row],[TREINADO EM]]+NR10.SEP[[#This Row],[VALIDADE]] -> 45603 | K2: 40 | L2: RECICLADO | M2: =VLOOKUP(NR10.SEP[[#This Row],[NOME]],'CADASTRO'!A:K,6,0) -> DESLIGADO
A3: EXTERNO | B3: MERITUS | C3: LUIZ MATTA | D3: NR 10 - SISTEMA ELETRICO DE POTENCIA | E3: ANGELO ROSEMBERG BELLO TEIXEIRA | F3: =VLOOKUP(NR10.SEP[[#This Row],[NOME]],'CADASTRO'!A:K,5,0) -> TECNICO ELETRONICO II | G3: 45512 | H3: 730 | I3: =IF(NR10.SEP[[#This Row],[SITUAÇÃO]]="ATIVO", IF(NR10.SEP[[#This Row],[CONDIÇÃO]]="N.A.", "N.A.", IF(NR10.SEP[[#This Row],[CONDIÇÃO]]="REPROVADO", "REPROVADO", IF(NR10.SEP[[#This Row],[CONDIÇÃO]]="RECICLADO", "HISTORICO", IF(NR10.SEP[[#This Row],[CONDIÇÃO]]="SEM REGISTRO", "SEM REGISTRO", IF(G339="01/01/1900", "SEM REGISTRO", IF((G3+H3)>TODAY(), "NO PRAZO", "VENCIDO" ) ) ) ) ) ),"N.A.") -> N.A. | J3: =NR10.SEP[[#This Row],[TREINADO EM]]+NR10.SEP[[#This Row],[VALIDADE]] -> 46242 | K3: 20 | L3: APROVADO | M3: =VLOOKUP(NR10.SEP[[#This Row],[NOME]],'CADASTRO'!A:K,6,0) -> DESLIGADO
A4: EXTERNO | B4: EXXCELENCIA | C4: DEYVID FRANKLIN | D4: NR 10 - SISTEMA ELETRICO DE POTENCIA | E4: FABIO DE SOUZA COELHO | F4: =VLOOKUP(NR10.SEP[[#This Row],[NOME]],'CADASTRO'!A:K,5,0) -> TECNICO ELETRONICO III | G4: 44873 | H4: 730 | I4: =IF(NR10.SEP[[#This Row],[SITUAÇÃO]]="ATIVO", IF(NR10.SEP[[#This Row],[CONDIÇÃO]]="N.A.", "N.A.", IF(NR10.SEP[[#This Row],[CONDIÇÃO]]="REPROVADO", "REPROVADO", IF(NR10.SEP[[#This Row],[CONDIÇÃO]]="RECICLADO", "HISTORICO", IF(NR10.SEP[[#This Row],[CONDIÇÃO]]="SEM REGISTRO", "SEM REGISTRO", IF(G340="01/01/1900", "SEM REGISTRO", IF((G4+H4)>TODAY(), "NO PRAZO", "VENCIDO" ) ) ) ) ) ),"N.A.") -> HISTORICO | J4: =NR10.SEP[[#This Row],[TREINADO EM]]+NR10.SEP[[#This Row],[VALIDADE]] -> 45603 | K4: 40 | L4: RECICLADO | M4: =VLOOKUP(NR10.SEP[[#This Row],[NOME]],'CADASTRO'!A:K,6,0) -> ATIVO
A5: EXTERNO | B5: MERITUS | C5: LUIZ MATTA | D5: NR 10 - SISTEMA ELETRICO DE POTENCIA | E5: FABIO DE SOUZA COELHO | F5: =VLOOKUP(NR10.SEP[[#This Row],[NOME]],'CADASTRO'!A:K,5,0) -> TECNICO ELETRONICO III | G5: 45512 | H5: 730 | I5: =IF(NR10.SEP[[#This Row],[SITUAÇÃO]]="ATIVO", IF(NR10.SEP[[#This Row],[CONDIÇÃO]]="N.A.", "N.A.", IF(NR10.SEP[[#This Row],[CONDIÇÃO]]="REPROVADO", "REPROVADO", IF(NR10.SEP[[#This Row],[CONDIÇÃO]]="RECICLADO", "HISTORICO", IF(NR10.SEP[[#This Row],[CONDIÇÃO]]="SEM REGISTRO", "SEM REGISTRO", IF(G341="01/01/1900", "SEM REGISTRO", IF((G5+H5)>TODAY(), "NO PRAZO", "VENCIDO" ) ) ) ) ) ),"N.A.") -> HISTORICO | J5: =NR10.SEP[[#This Row],[TREINADO EM]]+NR10.SEP[[#This Row],[VALIDADE]] -> 46242 | K5: 20 | L5: RECICLADO | M5: =VLOOKUP(NR10.SEP[[#This Row],[NOME]],'CADASTRO'!A:K,6,0) -> ATIVO
A6: EXTERNO | B6: MERITUS | C6: LUIZ MATTA | D6: NR 10 - SISTEMA ELETRICO DE POTENCIA | E6: FABIO DE SOUZA COELHO | F6: =VLOOKUP(NR10.SEP[[#This Row],[NOME]],'CADASTRO'!A:K,5,0) -> TECNICO ELETRONICO III | G6: 46287 | H6: 730 | I6: =IF(NR10.SEP[[#This Row],[SITUAÇÃO]]="ATIVO", IF(NR10.SEP[[#This Row],[CONDIÇÃO]]="N.A.", "N.A.", IF(NR10.SEP[[#This Row],[CONDIÇÃO]]="REPROVADO", "REPROVADO", IF(NR10.SEP[[#This Row],[CONDIÇÃO]]="RECICLADO", "HISTORICO", IF(NR10.SEP[[#This Row],[CONDIÇÃO]]="SEM REGISTRO", "SEM REGISTRO", IF(G342="01/01/1900", "SEM REGISTRO", IF((G6+H6)>TODAY(), "NO PRAZO", "VENCIDO" ) ) ) ) ) ),"N.A.") -> NO PRAZO | J6: =NR10.SEP[[#This Row],[TREINADO EM]]+NR10.SEP[[#This Row],[VALIDADE]] -> 47017 | K6: 20 | L6: APROVADO | M6: =VLOOKUP(NR10.SEP[[#This Row],[NOME]],'CADASTRO'!A:K,6,0) -> ATIVO
A7: EXTERNO | B7: EXXCELENCIA | C7: DEYVID FRANKLIN | D7: NR 10 - SISTEMA ELETRICO DE POTENCIA | E7: IGOR SANTOS SOUSA | F7: =VLOOKUP(NR10.SEP[[#This Row],[NOME]],'CADASTRO'!A:K,5,0) -> TECNICO AUTOMACAO | G7: 44873 | H7: 730 | I7: =IF(NR10.SEP[[#This Row],[SITUAÇÃO]]="ATIVO", IF(NR10.SEP[[#This Row],[CONDIÇÃO]]="N.A.", "N.A.", IF(NR10.SEP[[#This Row],[CONDIÇÃO]]="REPROVADO", "REPROVADO", IF(NR10.SEP[[#This Row],[CONDIÇÃO]]="RECICLADO", "HISTORICO", IF(NR10.SEP[[#This Row],[CONDIÇÃO]]="SEM REGISTRO", "SEM REGISTRO", IF(G343="01/01/1900", "SEM REGISTRO", IF((G7+H7)>TODAY(), "NO PRAZO", "VENCIDO" ) ) ) ) ) ),"N.A.") -> HISTORICO | J7: =NR10.SEP[[#This Row],[TREINADO EM]]+NR10.SEP[[#This Row],[VALIDADE]] -> 45603 | K7: 40 | L7: RECICLADO | M7: =VLOOKUP(NR10.SEP[[#This Row],[NOME]],'CADASTRO'!A:K,6,0) -> ATIVO
A8: EXTERNO | B8: MERITUS | C8: LUIZ MATTA | D8: NR 10 - SISTEMA ELETRICO DE POTENCIA | E8: IGOR SANTOS SOUSA | F8: =VLOOKUP(NR10.SEP[[#This Row],[NOME]],'CADASTRO'!A:K,5,0) -> TECNICO AUTOMACAO | G8: 45512 | H8: 730 | I8: =IF(NR10.SEP[[#This Row],[SITUAÇÃO]]="ATIVO", IF(NR10.SEP[[#This Row],[CONDIÇÃO]]="N.A.", "N.A.", IF(NR10.SEP[[#This Row],[CONDIÇÃO]]="REPROVADO", "REPROVADO", IF(NR10.SEP[[#This Row],[CONDIÇÃO]]="RECICLADO", "HISTORICO", IF(NR10.SEP[[#This Row],[CONDIÇÃO]]="SEM REGISTRO", "SEM REGISTRO", IF(G344="01/01/1900", "SEM REGISTRO", IF((G8+H8)>TODAY(), "NO PRAZO", "VENCIDO" ) ) ) ) ) ),"N.A.") -> HISTORICO | J8: =NR10.SEP[[#This Row],[TREINADO EM]]+NR10.SEP[[#This Row],[VALIDADE]] -> 46242 | K8: 20 | L8: RECICLADO | M8: =VLOOKUP(NR10.SEP[[#This Row],[NOME]],'CADASTRO'!A:K,6,0) -> ATIVO
A9: EXTERNO | B9: MERITUS | C9: LUIZ MATTA | D9: NR 10 - SISTEMA ELETRICO DE POTENCIA | E9: IGOR SANTOS SOUSA | F9: =VLOOKUP(NR10.SEP[[#This Row],[NOME]],'CADASTRO'!A:K,5,0) -> TECNICO AUTOMACAO | G9: 46288 | H9: 730 | I9: =IF(NR10.SEP[[#This Row],[SITUAÇÃO]]="ATIVO", IF(NR10.SEP[[#This Row],[CONDIÇÃO]]="N.A.", "N.A.", IF(NR10.SEP[[#This Row],[CONDIÇÃO]]="REPROVADO", "REPROVADO", IF(NR10.SEP[[#This Row],[CONDIÇÃO]]="RECICLADO", "HISTORICO", IF(NR10.SEP[[#This Row],[CONDIÇÃO]]="SEM REGISTRO", "SEM REGISTRO", IF(G345="01/01/1900", "SEM REGISTRO", IF((G9+H9)>TODAY(), "NO PRAZO", "VENCIDO" ) ) ) ) ) ),"N.A.") -> NO PRAZO | J9: =NR10.SEP[[#This Row],[TREINADO EM]]+NR10.SEP[[#This Row],[VALIDADE]] -> 47018 | K9: 20 | L9: APROVADO | M9: =VLOOKUP(NR10.SEP[[#This Row],[NOME]],'CADASTRO'!A:K,6,0) -> ATIVO
A10: EXTERNO | B10: EXXCELENCIA | C10: DEYVID FRANKLIN | D10: NR 10 - SISTEMA ELETRICO DE POTENCIA | E10: JADER FERREIRA COSTA | F10: =VLOOKUP(NR10.SEP[[#This Row],[NOME]],'CADASTRO'!A:K,5,0) -> TECNICO ELETRONICO II | G10: 44873 | H10: 730 | I10: =IF(NR10.SEP[[#This Row],[SITUAÇÃO]]="ATIVO", IF(NR10.SEP[[#This Row],[CONDIÇÃO]]="N.A.", "N.A.", IF(NR10.SEP[[#This Row],[CONDIÇÃO]]="REPROVADO", "REPROVADO", IF(NR10.SEP[[#This Row],[CONDIÇÃO]]="RECICLADO", "HISTORICO", IF(NR10.SEP[[#This Row],[CONDIÇÃO]]="SEM REGISTRO", "SEM REGISTRO", IF(G346="01/01/1900", "SEM REGISTRO", IF((G10+H10)>TODAY(), "NO PRAZO", "VENCIDO" ) ) ) ) ) ),"N.A.") -> HISTORICO | J10: =NR10.SEP[[#This Row],[TREINADO EM]]+NR10.SEP[[#This Row],[VALIDADE]] -> 45603 | K10: 40 | L10: RECICLADO | M10: =VLOOKUP(NR10.SEP[[#This Row],[NOME]],'CADASTRO'!A:K,6,0) -> ATIVO
A11: EXTERNO | B11: MERITUS | C11: LUIZ MATTA | D11: NR 10 - SISTEMA ELETRICO DE POTENCIA | E11: JADER FERREIRA COSTA | F11: =VLOOKUP(NR10.SEP[[#This Row],[NOME]],'CADASTRO'!A:K,5,0) -> TECNICO ELETRONICO II | G11: 45645 | H11: 730 | I11: =IF(NR10.SEP[[#This Row],[SITUAÇÃO]]="ATIVO", IF(NR10.SEP[[#This Row],[CONDIÇÃO]]="N.A.", "N.A.", IF(NR10.SEP[[#This Row],[CONDIÇÃO]]="REPROVADO", "REPROVADO", IF(NR10.SEP[[#This Row],[CONDIÇÃO]]="RECICLADO", "HISTORICO", IF(NR10.SEP[[#This Row],[CONDIÇÃO]]="SEM REGISTRO", "SEM REGISTRO", IF(G347="01/01/1900", "SEM REGISTRO", IF((G11+H11)>TODAY(), "NO PRAZO", "VENCIDO" ) ) ) ) ) ),"N.A.") -> NO PRAZO | J11: =NR10.SEP[[#This Row],[TREINADO EM]]+NR10.SEP[[#This Row],[VALIDADE]] -> 46375 | K11: 20 | L11: APROVADO | M11: =VLOOKUP(NR10.SEP[[#This Row],[NOME]],'CADASTRO'!A:K,6,0) -> ATIVO
A12: EXTERNO | B12: EXXCELENCIA | C12: DEYVID FRANKLIN | D12: NR 10 - SISTEMA ELETRICO DE POTENCIA | E12: JOVIANO FERREIRA MACHADO | F12: =VLOOKUP(NR10.SEP[[#This Row],[NOME]],'CADASTRO'!A:K,5,0) -> TECNICO ELETRONICO II | G12: 44873 | H12: 730 | I12: =IF(NR10.SEP[[#This Row],[SITUAÇÃO]]="ATIVO", IF(NR10.SEP[[#This Row],[CONDIÇÃO]]="N.A.", "N.A.", IF(NR10.SEP[[#This Row],[CONDIÇÃO]]="REPROVADO", "REPROVADO", IF(NR10.SEP[[#This Row],[CONDIÇÃO]]="RECICLADO", "HISTORICO", IF(NR10.SEP[[#This Row],[CONDIÇÃO]]="SEM REGISTRO", "SEM REGISTRO", IF(G348="01/01/1900", "SEM REGISTRO", IF((G12+H12)>TODAY(), "NO PRAZO", "VENCIDO" ) ) ) ) ) ),"N.A.") -> N.A. | J12: =NR10.SEP[[#This Row],[TREINADO EM]]+NR10.SEP[[#This Row],[VALIDADE]] -> 45603 | K12: 40 | L12: RECICLADO | M12: =VLOOKUP(NR10.SEP[[#This Row],[NOME]],'CADASTRO'!A:K,6,0) -> DESLIGADO
A13: EXTERNO | B13: MERITUS | C13: LUIZ MATTA | D13: NR 10 - SISTEMA ELETRICO DE POTENCIA | E13: JOVIANO FERREIRA MACHADO | F13: =VLOOKUP(NR10.SEP[[#This Row],[NOME]],'CADASTRO'!A:K,5,0) -> TECNICO ELETRONICO II | G13: 45602 | H13: 730 | I13: =IF(NR10.SEP[[#This Row],[SITUAÇÃO]]="ATIVO", IF(NR10.SEP[[#This Row],[CONDIÇÃO]]="N.A.", "N.A.", IF(NR10.SEP[[#This Row],[CONDIÇÃO]]="REPROVADO", "REPROVADO", IF(NR10.SEP[[#This Row],[CONDIÇÃO]]="RECICLADO", "HISTORICO", IF(NR10.SEP[[#This Row],[CONDIÇÃO]]="SEM REGISTRO", "SEM REGISTRO", IF(G349="01/01/1900", "SEM REGISTRO", IF((G13+H13)>TODAY(), "NO PRAZO", "VENCIDO" ) ) ) ) ) ),"N.A.") -> N.A. | J13: =NR10.SEP[[#This Row],[TREINADO EM]]+NR10.SEP[[#This Row],[VALIDADE]] -> 46332 | K13: 20 | L13: APROVADO | M13: =VLOOKUP(NR10.SEP[[#This Row],[NOME]],'CADASTRO'!A:K,6,0) -> DESLIGADO
... A18: EXTERNO | B18: MERITUS | C18: LUIZ MATTA | D18: NR 10 - SISTEMA ELETRICO DE POTENCIA | E18: WALLACE JOSE SILVA PEREIRA | F18: =VLOOKUP(NR10.SEP[[#This Row],[NOME]],'CADASTRO'!A:K,5,0) -> TECNICO ELETRONICO II | G18: 45646 | H18: 730 | I18: =IF(NR10.SEP[[#This Row],[SITUAÇÃO]]="ATIVO", IF(NR10.SEP[[#This Row],[CONDIÇÃO]]="N.A.", "N.A.", IF(NR10.SEP[[#This Row],[CONDIÇÃO]]="REPROVADO", "REPROVADO", IF(NR10.SEP[[#This Row],[CONDIÇÃO]]="RECICLADO", "HISTORICO", IF(NR10.SEP[[#This Row],[CONDIÇÃO]]="SEM REGISTRO", "SEM REGISTRO", IF(G354="01/01/1900", "SEM REGISTRO", IF((G18+H18)>TODAY(), "NO PRAZO", "VENCIDO" ) ) ) ) ) ),"N.A.") -> NO PRAZO | J18: =NR10.SEP[[#This Row],[TREINADO EM]]+NR10.SEP[[#This Row],[VALIDADE]] -> 46376 | K18: 40 | L18: APROVADO | M18: =VLOOKUP(NR10.SEP[[#This Row],[NOME]],'CADASTRO'!A:K,6,0) -> ATIVO

Sheet NR11 EMPILH
A1: ORIGEM | B1: FORNECEDOR | C1: INSTRUTOR | D1: TREINAMENTO | E1: NOME | F1: CARGO | G1: TREINADO EM | H1: VALIDADE | I1: STATUS | J1: VENCE EM | K1: CARGA HORARIA | L1: CONDIÇÃO | M1: SITUAÇÃO
A2: EXTERNO | B2: EXXCELENCIA | C2: DEYVID FRANKLIN | D2: NR 11 - EMPILHADEIRA | E2: ALESSANDRO GONTIJO LOUREIRO | F2: =VLOOKUP(EMPILHADEIRA[[#This Row],[NOME]],'CADASTRO'!A:K,5,0) -> AUXILIAR INDUSTRIAL | G2: 45930 | H2: 365 | I2: =IF(EMPILHADEIRA[[#This Row],[SITUAÇÃO]]="ATIVO", IF(EMPILHADEIRA[[#This Row],[CONDIÇÃO]]="N.A.", "N.A.", IF(EMPILHADEIRA[[#This Row],[CONDIÇÃO]]="REPROVADO", "REPROVADO", IF(EMPILHADEIRA[[#This Row],[CONDIÇÃO]]="RECICLADO", "HISTORICO", IF(EMPILHADEIRA[[#This Row],[CONDIÇÃO]]="SEM REGISTRO", "SEM REGISTRO", IF(G338="01/01/1900", "SEM REGISTRO", IF((G2+H2)>TODAY(), "NO PRAZO", "VENCIDO" ) ) ) ) ) ),"N.A.") -> N.A. | J2: =EMPILHADEIRA[[#This Row],[TREINADO EM]]+EMPILHADEIRA[[#This Row],[VALIDADE]] -> 46295 | K2: 16 | L2: APROVADO | M2: =VLOOKUP(EMPILHADEIRA[[#This Row],[NOME]],'CADASTRO'!A:K,6,0) -> DESLIGADO
A3: EXTERNO | B3: EXXCELENCIA | C3: DEYVID FRANKLIN | D3: NR 11 - EMPILHADEIRA | E3: ALEX WILSON JOSE BERNARDES | F3: =VLOOKUP(EMPILHADEIRA[[#This Row],[NOME]],'CADASTRO'!A:K,5,0) -> OPERADOR LOGISTICO I | G3: 45254 | H3: 365 | I3: =IF(EMPILHADEIRA[[#This Row],[SITUAÇÃO]]="ATIVO", IF(EMPILHADEIRA[[#This Row],[CONDIÇÃO]]="N.A.", "N.A.", IF(EMPILHADEIRA[[#This Row],[CONDIÇÃO]]="REPROVADO", "REPROVADO", IF(EMPILHADEIRA[[#This Row],[CONDIÇÃO]]="RECICLADO", "HISTORICO", IF(EMPILHADEIRA[[#This Row],[CONDIÇÃO]]="SEM REGISTRO", "SEM REGISTRO", IF(G339="01/01/1900", "SEM REGISTRO", IF((G3+H3)>TODAY(), "NO PRAZO", "VENCIDO" ) ) ) ) ) ),"N.A.") -> N.A. | J3: =EMPILHADEIRA[[#This Row],[TREINADO EM]]+EMPILHADEIRA[[#This Row],[VALIDADE]] -> 45619 | K3: 8 | L3: RECICLADO | M3: =VLOOKUP(EMPILHADEIRA[[#This Row],[NOME]],'CADASTRO'!A:K,6,0) -> DESLIGADO
A4: EXTERNO | B4: MERITUS | C4: FELICIO MATOS | D4: NR 11 - EMPILHADEIRA | E4: ALEX WILSON JOSE BERNARDES | F4: =VLOOKUP(EMPILHADEIRA[[#This Row],[NOME]],'CADASTRO'!A:K,5,0) -> OPERADOR LOGISTICO I | G4: 45579 | H4: 365 | I4: =IF(EMPILHADEIRA[[#This Row],[SITUAÇÃO]]="ATIVO", IF(EMPILHADEIRA[[#This Row],[CONDIÇÃO]]="N.A.", "N.A.", IF(EMPILHADEIRA[[#This Row],[CONDIÇÃO]]="REPROVADO", "REPROVADO", IF(EMPILHADEIRA[[#This Row],[CONDIÇÃO]]="RECICLADO", "HISTORICO", IF(EMPILHADEIRA[[#This Row],[CONDIÇÃO]]="SEM REGISTRO", "SEM REGISTRO", IF(G340="01/01/1900", "SEM REGISTRO", IF((G4+H4)>TODAY(), "NO PRAZO", "VENCIDO" ) ) ) ) ) ),"N.A.") -> N.A. | J4: =EMPILHADEIRA[[#This Row],[TREINADO EM]]+EMPILHADEIRA[[#This Row],[VALIDADE]] -> 45944 | K4: 8 | L4: RECICLADO | M4: =VLOOKUP(EMPILHADEIRA[[#This Row],[NOME]],'CADASTRO'!A:K,6,0) -> DESLIGADO
A5: EXTERNO | B5: MERITUS | C5: FELICIO MATOS | D5: NR 11 - EMPILHADEIRA | E5: ALEX WILSON JOSE BERNARDES | F5: =VLOOKUP(EMPILHADEIRA[[#This Row],[NOME]],'CADASTRO'!A:K,5,0) -> OPERADOR LOGISTICO I | G5: 45940 | H5: 365 | I5: =IF(EMPILHADEIRA[[#This Row],[SITUAÇÃO]]="ATIVO", IF(EMPILHADEIRA[[#This Row],[CONDIÇÃO]]="N.A.", "N.A.", IF(EMPILHADEIRA[[#This Row],[CONDIÇÃO]]="REPROVADO", "REPROVADO", IF(EMPILHADEIRA[[#This Row],[CONDIÇÃO]]="RECICLADO", "HISTORICO", IF(EMPILHADEIRA[[#This Row],[CONDIÇÃO]]="SEM REGISTRO", "SEM REGISTRO", IF(G341="01/01/1900", "SEM REGISTRO", IF((G5+H5)>TODAY(), "NO PRAZO", "VENCIDO" ) ) ) ) ) ),"N.A.") -> N.A. | J5: =EMPILHADEIRA[[#This Row],[TREINADO EM]]+EMPILHADEIRA[[#This Row],[VALIDADE]] -> 46305 | K5: 8 | L5: APROVADO | M5: =VLOOKUP(EMPILHADEIRA[[#This Row],[NOME]],'CADASTRO'!A:K,6,0) -> DESLIGADO
A6: EXTERNO | B6: MERITUS | C6: FELICIO MATOS | D6: NR 11 - EMPILHADEIRA | E6: ANA CAROLLINE SIQUEIRA MARTINS | F6: =VLOOKUP(EMPILHADEIRA[[#This Row],[NOME]],'CADASTRO'!A:K,5,0) -> ASSISTENTE ADMINISTRATIVO | G6: 46230 | H6: 365 | I6: =IF(EMPILHADEIRA[[#This Row],[SITUAÇÃO]]="ATIVO", IF(EMPILHADEIRA[[#This Row],[CONDIÇÃO]]="N.A.", "N.A.", IF(EMPILHADEIRA[[#This Row],[CONDIÇÃO]]="REPROVADO", "REPROVADO", IF(EMPILHADEIRA[[#This Row],[CONDIÇÃO]]="RECICLADO", "HISTORICO", IF(EMPILHADEIRA[[#This Row],[CONDIÇÃO]]="SEM REGISTRO", "SEM REGISTRO", IF(G342="01/01/1900", "SEM REGISTRO", IF((G6+H6)>TODAY(), "NO PRAZO", "VENCIDO" ) ) ) ) ) ),"N.A.") -> NO PRAZO | J6: =EMPILHADEIRA[[#This Row],[TREINADO EM]]+EMPILHADEIRA[[#This Row],[VALIDADE]] -> 46595 | K6: 16 | L6: APROVADO | M6: =VLOOKUP(EMPILHADEIRA[[#This Row],[NOME]],'CADASTRO'!A:K,6,0) -> ATIVO
A7: EXTERNO | B7: EXXCELENCIA | C7: VINICIUS FERREIRA | D7: NR 11 - EMPILHADEIRA | E7: ANGELA ALVES DOS SANTOS | F7: =VLOOKUP(EMPILHADEIRA[[#This Row],[NOME]],'CADASTRO'!A:K,5,0) -> OPERADOR INDUSTRIAL II | G7: 44750 | H7: 365 | I7: =IF(EMPILHADEIRA[[#This Row],[SITUAÇÃO]]="ATIVO", IF(EMPILHADEIRA[[#This Row],[CONDIÇÃO]]="N.A.", "N.A.", IF(EMPILHADEIRA[[#This Row],[CONDIÇÃO]]="REPROVADO", "REPROVADO", IF(EMPILHADEIRA[[#This Row],[CONDIÇÃO]]="RECICLADO", "HISTORICO", IF(EMPILHADEIRA[[#This Row],[CONDIÇÃO]]="SEM REGISTRO", "SEM REGISTRO", IF(G343="01/01/1900", "SEM REGISTRO", IF((G7+H7)>TODAY(), "NO PRAZO", "VENCIDO" ) ) ) ) ) ),"N.A.") -> HISTORICO | J7: =EMPILHADEIRA[[#This Row],[TREINADO EM]]+EMPILHADEIRA[[#This Row],[VALIDADE]] -> 45115 | K7: 16 | L7: RECICLADO | M7: =VLOOKUP(EMPILHADEIRA[[#This Row],[NOME]],'CADASTRO'!A:K,6,0) -> ATIVO
A8: EXTERNO | B8: MERITUS | C8: ARIMAR AMORIM | D8: NR 11 - EMPILHADEIRA | E8: ANGELA ALVES DOS SANTOS | F8: =VLOOKUP(EMPILHADEIRA[[#This Row],[NOME]],'CADASTRO'!A:K,5,0) -> OPERADOR INDUSTRIAL II | G8: 45076 | H8: 365 | I8: =IF(EMPILHADEIRA[[#This Row],[SITUAÇÃO]]="ATIVO", IF(EMPILHADEIRA[[#This Row],[CONDIÇÃO]]="N.A.", "N.A.", IF(EMPILHADEIRA[[#This Row],[CONDIÇÃO]]="REPROVADO", "REPROVADO", IF(EMPILHADEIRA[[#This Row],[CONDIÇÃO]]="RECICLADO", "HISTORICO", IF(EMPILHADEIRA[[#This Row],[CONDIÇÃO]]="SEM REGISTRO", "SEM REGISTRO", IF(G344="01/01/1900", "SEM REGISTRO", IF((G8+H8)>TODAY(), "NO PRAZO", "VENCIDO" ) ) ) ) ) ),"N.A.") -> N.A. | J8: =EMPILHADEIRA[[#This Row],[TREINADO EM]]+EMPILHADEIRA[[#This Row],[VALIDADE]] -> 45441 | K8: 8 | L8: N.A. | M8: =VLOOKUP(EMPILHADEIRA[[#This Row],[NOME]],'CADASTRO'!A:K,6,0) -> ATIVO
A9: EXTERNO | B9: EXXCELENCIA | C9: DEYVID FRANKLIN | D9: NR 11 - EMPILHADEIRA | E9: BRAYAN ADAMS SILVA BATISTA PERON | F9: =VLOOKUP(EMPILHADEIRA[[#This Row],[NOME]],'CADASTRO'!A:K,5,0) -> AUXILIAR INDUSTRIAL | G9: 45930 | H9: 365 | I9: =IF(EMPILHADEIRA[[#This Row],[SITUAÇÃO]]="ATIVO", IF(EMPILHADEIRA[[#This Row],[CONDIÇÃO]]="N.A.", "N.A.", IF(EMPILHADEIRA[[#This Row],[CONDIÇÃO]]="REPROVADO", "REPROVADO", IF(EMPILHADEIRA[[#This Row],[CONDIÇÃO]]="RECICLADO", "HISTORICO", IF(EMPILHADEIRA[[#This Row],[CONDIÇÃO]]="SEM REGISTRO", "SEM REGISTRO", IF(G345="01/01/1900", "SEM REGISTRO", IF((G9+H9)>TODAY(), "NO PRAZO", "VENCIDO" ) ) ) ) ) ),"N.A.") -> N.A. | J9: =EMPILHADEIRA[[#This Row],[TREINADO EM]]+EMPILHADEIRA[[#This Row],[VALIDADE]] -> 46295 | K9: 16 | L9: APROVADO | M9: =VLOOKUP(EMPILHADEIRA[[#This Row],[NOME]],'CADASTRO'!A:K,6,0) -> DESLIGADO
A10: EXTERNO | B10: EXXCELENCIA | C10: DEYVID FRANKLIN | D10: NR 11 - EMPILHADEIRA | E10: BRUNO BARCELOS MELO RESENDE | F10: =VLOOKUP(EMPILHADEIRA[[#This Row],[NOME]],'CADASTRO'!A:K,5,0) -> Almoxarife | G10: 45930 | H10: 365 | I10: =IF(EMPILHADEIRA[[#This Row],[SITUAÇÃO]]="ATIVO", IF(EMPILHADEIRA[[#This Row],[CONDIÇÃO]]="N.A.", "N.A.", IF(EMPILHADEIRA[[#This Row],[CONDIÇÃO]]="REPROVADO", "REPROVADO", IF(EMPILHADEIRA[[#This Row],[CONDIÇÃO]]="RECICLADO", "HISTORICO", IF(EMPILHADEIRA[[#This Row],[CONDIÇÃO]]="SEM REGISTRO", "SEM REGISTRO", IF(G346="01/01/1900", "SEM REGISTRO", IF((G10+H10)>TODAY(), "NO PRAZO", "VENCIDO" ) ) ) ) ) ),"N.A.") -> HISTORICO | J10: =EMPILHADEIRA[[#This Row],[TREINADO EM]]+EMPILHADEIRA[[#This Row],[VALIDADE]] -> 46295 | K10: 16 | L10: RECICLADO | M10: =VLOOKUP(EMPILHADEIRA[[#This Row],[NOME]],'CADASTRO'!A:K,6,0) -> ATIVO
A11: EXTERNO | B11: MERITUS | C11: FELICIO MATOS | D11: NR 11 - EMPILHADEIRA | E11: BRUNO BARCELOS MELO RESENDE | F11: =VLOOKUP(EMPILHADEIRA[[#This Row],[NOME]],'CADASTRO'!A:K,5,0) -> Almoxarife | G11: 46300 | H11: 365 | I11: =IF(EMPILHADEIRA[[#This Row],[SITUAÇÃO]]="ATIVO", IF(EMPILHADEIRA[[#This Row],[CONDIÇÃO]]="N.A.", "N.A.", IF(EMPILHADEIRA[[#This Row],[CONDIÇÃO]]="REPROVADO", "REPROVADO", IF(EMPILHADEIRA[[#This Row],[CONDIÇÃO]]="RECICLADO", "HISTORICO", IF(EMPILHADEIRA[[#This Row],[CONDIÇÃO]]="SEM REGISTRO", "SEM REGISTRO", IF(G347="01/01/1900", "SEM REGISTRO", IF((G11+H11)>TODAY(), "NO PRAZO", "VENCIDO" ) ) ) ) ) ),"N.A.") -> NO PRAZO | J11: =EMPILHADEIRA[[#This Row],[TREINADO EM]]+EMPILHADEIRA[[#This Row],[VALIDADE]] -> 46665 | K11: 8 | L11: APROVADO | M11: =VLOOKUP(EMPILHADEIRA[[#This Row],[NOME]],'CADASTRO'!A:K,6,0) -> ATIVO
A12: EXTERNO | B12: EXXCELENCIA | C12: VINICIUS FERREIRA | D12: NR 11 - EMPILHADEIRA | E12: CAIQUE GUSTAVO VENTURA | F12: =VLOOKUP(EMPILHADEIRA[[#This Row],[NOME]],'CADASTRO'!A:K,5,0) -> ASSISTENTE ADMINISTRATIVO | G12: 44930 | H12: 365 | I12: =IF(EMPILHADEIRA[[#This Row],[SITUAÇÃO]]="ATIVO", IF(EMPILHADEIRA[[#This Row],[CONDIÇÃO]]="N.A.", "N.A.", IF(EMPILHADEIRA[[#This Row],[CONDIÇÃO]]="REPROVADO", "REPROVADO", IF(EMPILHADEIRA[[#This Row],[CONDIÇÃO]]="RECICLADO", "HISTORICO", IF(EMPILHADEIRA[[#This Row],[CONDIÇÃO]]="SEM REGISTRO", "SEM REGISTRO", IF(G348="01/01/1900", "SEM REGISTRO", IF((G12+H12)>TODAY(), "NO PRAZO", "VENCIDO" ) ) ) ) ) ),"N.A.") -> N.A. | J12: =EMPILHADEIRA[[#This Row],[TREINADO EM]]+EMPILHADEIRA[[#This Row],[VALIDADE]] -> 45295 | K12: 8 | L12: RECICLADO | M12: =VLOOKUP(EMPILHADEIRA[[#This Row],[NOME]],'CADASTRO'!A:K,6,0) -> DESLIGADO
A13: EXTERNO | B13: EXXCELENCIA | C13: THIAGO FERREIRA | D13: NR 11 - EMPILHADEIRA | E13: CAIQUE GUSTAVO VENTURA | F13: =VLOOKUP(EMPILHADEIRA[[#This Row],[NOME]],'CADASTRO'!A:K,5,0) -> ASSISTENTE ADMINISTRATIVO | G13: 43116 | H13: 365 | I13: =IF(EMPILHADEIRA[[#This Row],[SITUAÇÃO]]="ATIVO", IF(EMPILHADEIRA[[#This Row],[CONDIÇÃO]]="N.A.", "N.A.", IF(EMPILHADEIRA[[#This Row],[CONDIÇÃO]]="REPROVADO", "REPROVADO", IF(EMPILHADEIRA[[#This Row],[CONDIÇÃO]]="RECICLADO", "HISTORICO", IF(EMPILHADEIRA[[#This Row],[CONDIÇÃO]]="SEM REGISTRO", "SEM REGISTRO", IF(G349="01/01/1900", "SEM REGISTRO", IF((G13+H13)>TODAY(), "NO PRAZO", "VENCIDO" ) ) ) ) ) ),"N.A.") -> N.A. | J13: =EMPILHADEIRA[[#This Row],[TREINADO EM]]+EMPILHADEIRA[[#This Row],[VALIDADE]] -> 43481 | K13: 16 | L13: RECICLADO | M13: =VLOOKUP(EMPILHADEIRA[[#This Row],[NOME]],'CADASTRO'!A:K,6,0) -> DESLIGADO
... A159: EXTERNO | B159: MERITUS | C159: FELICIO MATOS | D159: NR 11 - EMPILHADEIRA | E159: LAURINALDO GAMA DA SILVA | F159: =VLOOKUP(EMPILHADEIRA[[#This Row],[NOME]],'CADASTRO'!A:K,5,0) -> OPERADOR LOGISTICO I | G159: 46315 | H159: 365 | I159: =IF(EMPILHADEIRA[[#This Row],[SITUAÇÃO]]="ATIVO", IF(EMPILHADEIRA[[#This Row],[CONDIÇÃO]]="N.A.", "N.A.", IF(EMPILHADEIRA[[#This Row],[CONDIÇÃO]]="REPROVADO", "REPROVADO", IF(EMPILHADEIRA[[#This Row],[CONDIÇÃO]]="RECICLADO", "HISTORICO", IF(EMPILHADEIRA[[#This Row],[CONDIÇÃO]]="SEM REGISTRO", "SEM REGISTRO", IF(G495="01/01/1900", "SEM REGISTRO", IF((G159+H159)>TODAY(), "NO PRAZO", "VENCIDO" ) ) ) ) ) ),"N.A.") -> NO PRAZO | J159: =EMPILHADEIRA[[#This Row],[TREINADO EM]]+EMPILHADEIRA[[#This Row],[VALIDADE]] -> 46680 | K159: 16 | L159: APROVADO | M159: =VLOOKUP(EMPILHADEIRA[[#This Row],[NOME]],'CADASTRO'!A:K,6,0) -> ATIVO

Sheet NR 12
A1: ORIGEM | B1: FORNECEDOR | C1: INSTRUTOR | D1: TREINAMENTO | E1: NOME | F1: CARGO | G1: TREINADO EM | H1: VALIDADE | I1: STATUS | J1: VENCE EM | K1: CARGA HORARIA | L1: CONDIÇÃO | M1: SITUAÇÃO
A2: EXTERNO | B2: SEM REGISTRO | C2: SEM REGISTRO | D2: NR 12 - OP. MAQ. E EQUIP. | E2: ALEX BARBARA | F2: =VLOOKUP(NR12.OP.MAQ.[[#This Row],[NOME]],'CADASTRO'!A:K,5,0) -> TECNICO MECANICO II | G2: 1 | H2: 5000 | I2: =IF(NR12.OP.MAQ.[[#This Row],[SITUAÇÃO]]="ATIVO", IF(NR12.OP.MAQ.[[#This Row],[CONDIÇÃO]]="N.A.", "N.A.", IF(NR12.OP.MAQ.[[#This Row],[CONDIÇÃO]]="REPROVADO", "REPROVADO", IF(NR12.OP.MAQ.[[#This Row],[CONDIÇÃO]]="RECICLADO", "HISTORICO", IF(NR12.OP.MAQ.[[#This Row],[CONDIÇÃO]]="SEM REGISTRO", "SEM REGISTRO", IF(G335="01/01/1900", "SEM REGISTRO", IF((G2+H2)>TODAY(), "NO PRAZO", "VENCIDO" ) ) ) ) ) ),"N.A.") -> N.A. | J2: =NR12.OP.MAQ.[[#This Row],[TREINADO EM]]+NR12.OP.MAQ.[[#This Row],[VALIDADE]] -> 5001 | K2: 0 | L2: N.A. | M2: =VLOOKUP(NR12.OP.MAQ.[[#This Row],[NOME]],'CADASTRO'!A:K,6,0) -> ATIVO
A3: EXTERNO | B3: EXXCELENCIA | C3: THIAGO FERREIRA | D3: NR 12 - OP. MAQ. E EQUIP. | E3: ALEX SANDRO ALVES TEIXEIRA | F3: =VLOOKUP(NR12.OP.MAQ.[[#This Row],[NOME]],'CADASTRO'!A:K,5,0) -> OPERADOR INDUSTRIAL II | G3: 44613 | H3: 5000 | I3: =IF(NR12.OP.MAQ.[[#This Row],[SITUAÇÃO]]="ATIVO", IF(NR12.OP.MAQ.[[#This Row],[CONDIÇÃO]]="N.A.", "N.A.", IF(NR12.OP.MAQ.[[#This Row],[CONDIÇÃO]]="REPROVADO", "REPROVADO", IF(NR12.OP.MAQ.[[#This Row],[CONDIÇÃO]]="RECICLADO", "HISTORICO", IF(NR12.OP.MAQ.[[#This Row],[CONDIÇÃO]]="SEM REGISTRO", "SEM REGISTRO", IF(G336="01/01/1900", "SEM REGISTRO", IF((G3+H3)>TODAY(), "NO PRAZO", "VENCIDO" ) ) ) ) ) ),"N.A.") -> N.A. | J3: =NR12.OP.MAQ.[[#This Row],[TREINADO EM]]+NR12.OP.MAQ.[[#This Row],[VALIDADE]] -> 49613 | K3: 4 | L3: N.A. | M3: =VLOOKUP(NR12.OP.MAQ.[[#This Row],[NOME]],'CADASTRO'!A:K,6,0) -> ATIVO
A4: EXTERNO | B4: EXXCELENCIA | C4: THIAGO FERREIRA | D4: NR 12 - OP. MAQ. E EQUIP. | E4: ALEX WILSON JOSE BERNARDES | F4: =VLOOKUP(NR12.OP.MAQ.[[#This Row],[NOME]],'CADASTRO'!A:K,5,0) -> OPERADOR LOGISTICO I | G4: 45547 | H4: 5000 | I4: =IF(NR12.OP.MAQ.[[#This Row],[SITUAÇÃO]]="ATIVO", IF(NR12.OP.MAQ.[[#This Row],[CONDIÇÃO]]="N.A.", "N.A.", IF(NR12.OP.MAQ.[[#This Row],[CONDIÇÃO]]="REPROVADO", "REPROVADO", IF(NR12.OP.MAQ.[[#This Row],[CONDIÇÃO]]="RECICLADO", "HISTORICO", IF(NR12.OP.MAQ.[[#This Row],[CONDIÇÃO]]="SEM REGISTRO", "SEM REGISTRO", IF(G337="01/01/1900", "SEM REGISTRO", IF((G4+H4)>TODAY(), "NO PRAZO", "VENCIDO" ) ) ) ) ) ),"N.A.") -> N.A. | J4: =NR12.OP.MAQ.[[#This Row],[TREINADO EM]]+NR12.OP.MAQ.[[#This Row],[VALIDADE]] -> 50547 | K4: 4 | L4: N.A. | M4: =VLOOKUP(NR12.OP.MAQ.[[#This Row],[NOME]],'CADASTRO'!A:K,6,0) -> DESLIGADO
A5: EXTERNO | B5: SEM REGISTRO | C5: SEM REGISTRO | D5: NR 12 - OP. MAQ. E EQUIP. | E5: ALEXANDRE BATISTA DE OLIVEIRA | F5: =VLOOKUP(NR12.OP.MAQ.[[#This Row],[NOME]],'CADASTRO'!A:K,5,0) -> TECNICO MECANICO III | G5: 45567 | H5: 5000 | I5: =IF(NR12.OP.MAQ.[[#This Row],[SITUAÇÃO]]="ATIVO", IF(NR12.OP.MAQ.[[#This Row],[CONDIÇÃO]]="N.A.", "N.A.", IF(NR12.OP.MAQ.[[#This Row],[CONDIÇÃO]]="REPROVADO", "REPROVADO", IF(NR12.OP.MAQ.[[#This Row],[CONDIÇÃO]]="RECICLADO", "HISTORICO", IF(NR12.OP.MAQ.[[#This Row],[CONDIÇÃO]]="SEM REGISTRO", "SEM REGISTRO", IF(G338="01/01/1900", "SEM REGISTRO", IF((G5+H5)>TODAY(), "NO PRAZO", "VENCIDO" ) ) ) ) ) ),"N.A.") -> N.A. | J5: =NR12.OP.MAQ.[[#This Row],[TREINADO EM]]+NR12.OP.MAQ.[[#This Row],[VALIDADE]] -> 50567 | K5: 0 | L5: N.A. | M5: =VLOOKUP(NR12.OP.MAQ.[[#This Row],[NOME]],'CADASTRO'!A:K,6,0) -> ATIVO
A6: EXTERNO | B6: EXXCELENCIA | C6: THIAGO FERREIRA | D6: NR 12 - OP. MAQ. E EQUIP. | E6: ALEXANDRE DE ASSIS DA COSTA | F6: =VLOOKUP(NR12.OP.MAQ.[[#This Row],[NOME]],'CADASTRO'!A:K,5,0) -> TECNICO MECANICO II | G6: 44545 | H6: 5000 | I6: =IF(NR12.OP.MAQ.[[#This Row],[SITUAÇÃO]]="ATIVO", IF(NR12.OP.MAQ.[[#This Row],[CONDIÇÃO]]="N.A.", "N.A.", IF(NR12.OP.MAQ.[[#This Row],[CONDIÇÃO]]="REPROVADO", "REPROVADO", IF(NR12.OP.MAQ.[[#This Row],[CONDIÇÃO]]="RECICLADO", "HISTORICO", IF(NR12.OP.MAQ.[[#This Row],[CONDIÇÃO]]="SEM REGISTRO", "SEM REGISTRO", IF(G339="01/01/1900", "SEM REGISTRO", IF((G6+H6)>TODAY(), "NO PRAZO", "VENCIDO" ) ) ) ) ) ),"N.A.") -> N.A. | J6: =NR12.OP.MAQ.[[#This Row],[TREINADO EM]]+NR12.OP.MAQ.[[#This Row],[VALIDADE]] -> 49545 | K6: 4 | L6: N.A. | M6: =VLOOKUP(NR12.OP.MAQ.[[#This Row],[NOME]],'CADASTRO'!A:K,6,0) -> ATIVO
A7: EXTERNO | B7: EXXCELENCIA | C7: THIAGO FERREIRA | D7: NR 12 - OP. MAQ. E EQUIP. | E7: ANDRE FELIPE TERRA CAMPOS | F7: =VLOOKUP(NR12.OP.MAQ.[[#This Row],[NOME]],'CADASTRO'!A:K,5,0) -> AUXILIAR INDUSTRIAL | G7: 44705 | H7: 5000 | I7: =IF(NR12.OP.MAQ.[[#This Row],[SITUAÇÃO]]="ATIVO", IF(NR12.OP.MAQ.[[#This Row],[CONDIÇÃO]]="N.A.", "N.A.", IF(NR12.OP.MAQ.[[#This Row],[CONDIÇÃO]]="REPROVADO", "REPROVADO", IF(NR12.OP.MAQ.[[#This Row],[CONDIÇÃO]]="RECICLADO", "HISTORICO", IF(NR12.OP.MAQ.[[#This Row],[CONDIÇÃO]]="SEM REGISTRO", "SEM REGISTRO", IF(G340="01/01/1900", "SEM REGISTRO", IF((G7+H7)>TODAY(), "NO PRAZO", "VENCIDO" ) ) ) ) ) ),"N.A.") -> N.A. | J7: =NR12.OP.MAQ.[[#This Row],[TREINADO EM]]+NR12.OP.MAQ.[[#This Row],[VALIDADE]] -> 49705 | K7: 4 | L7: N.A. | M7: =VLOOKUP(NR12.OP.MAQ.[[#This Row],[NOME]],'CADASTRO'!A:K,6,0) -> ATIVO
A8: EXTERNO | B8: EXXCELENCIA | C8: THIAGO FERREIRA | D8: NR 12 - OP. MAQ. E EQUIP. | E8: ANGELA ALVES DOS SANTOS | F8: =VLOOKUP(NR12.OP.MAQ.[[#This Row],[NOME]],'CADASTRO'!A:K,5,0) -> OPERADOR INDUSTRIAL II | G8: 44813 | H8: 5000 | I8: =IF(NR12.OP.MAQ.[[#This Row],[SITUAÇÃO]]="ATIVO", IF(NR12.OP.MAQ.[[#This Row],[CONDIÇÃO]]="N.A.", "N.A.", IF(NR12.OP.MAQ.[[#This Row],[CONDIÇÃO]]="REPROVADO", "REPROVADO", IF(NR12.OP.MAQ.[[#This Row],[CONDIÇÃO]]="RECICLADO", "HISTORICO", IF(NR12.OP.MAQ.[[#This Row],[CONDIÇÃO]]="SEM REGISTRO", "SEM REGISTRO", IF(G341="01/01/1900", "SEM REGISTRO", IF((G8+H8)>TODAY(), "NO PRAZO", "VENCIDO" ) ) ) ) ) ),"N.A.") -> N.A. | J8: =NR12.OP.MAQ.[[#This Row],[TREINADO EM]]+NR12.OP.MAQ.[[#This Row],[VALIDADE]] -> 49813 | K8: 4 | L8: N.A. | M8: =VLOOKUP(NR12.OP.MAQ.[[#This Row],[NOME]],'CADASTRO'!A:K,6,0) -> ATIVO
A9: EXTERNO | B9: EXXCELENCIA | C9: THIAGO FERREIRA | D9: NR 12 - OP. MAQ. E EQUIP. | E9: ANGELO ROSEMBERG BELLO TEIXEIRA | F9: =VLOOKUP(NR12.OP.MAQ.[[#This Row],[NOME]],'CADASTRO'!A:K,5,0) -> TECNICO ELETRONICO II | G9: 43934 | H9: 5000 | I9: =IF(NR12.OP.MAQ.[[#This Row],[SITUAÇÃO]]="ATIVO", IF(NR12.OP.MAQ.[[#This Row],[CONDIÇÃO]]="N.A.", "N.A.", IF(NR12.OP.MAQ.[[#This Row],[CONDIÇÃO]]="REPROVADO", "REPROVADO", IF(NR12.OP.MAQ.[[#This Row],[CONDIÇÃO]]="RECICLADO", "HISTORICO", IF(NR12.OP.MAQ.[[#This Row],[CONDIÇÃO]]="SEM REGISTRO", "SEM REGISTRO", IF(G342="01/01/1900", "SEM REGISTRO", IF((G9+H9)>TODAY(), "NO PRAZO", "VENCIDO" ) ) ) ) ) ),"N.A.") -> N.A. | J9: =NR12.OP.MAQ.[[#This Row],[TREINADO EM]]+NR12.OP.MAQ.[[#This Row],[VALIDADE]] -> 48934 | K9: 4 | L9: N.A. | M9: =VLOOKUP(NR12.OP.MAQ.[[#This Row],[NOME]],'CADASTRO'!A:K,6,0) -> DESLIGADO
A10: EXTERNO | B10: EXXCELENCIA | C10: THIAGO FERREIRA | D10: NR 12 - OP. MAQ. E EQUIP. | E10: ARTHUR FIGUEIREDO DA SILVA | F10: =VLOOKUP(NR12.OP.MAQ.[[#This Row],[NOME]],'CADASTRO'!A:K,5,0) -> TECNICO MECANICO II | G10: 43894 | H10: 5000 | I10: =IF(NR12.OP.MAQ.[[#This Row],[SITUAÇÃO]]="ATIVO", IF(NR12.OP.MAQ.[[#This Row],[CONDIÇÃO]]="N.A.", "N.A.", IF(NR12.OP.MAQ.[[#This Row],[CONDIÇÃO]]="REPROVADO", "REPROVADO", IF(NR12.OP.MAQ.[[#This Row],[CONDIÇÃO]]="RECICLADO", "HISTORICO", IF(NR12.OP.MAQ.[[#This Row],[CONDIÇÃO]]="SEM REGISTRO", "SEM REGISTRO", IF(G343="01/01/1900", "SEM REGISTRO", IF((G10+H10)>TODAY(), "NO PRAZO", "VENCIDO" ) ) ) ) ) ),"N.A.") -> N.A. | J10: =NR12.OP.MAQ.[[#This Row],[TREINADO EM]]+NR12.OP.MAQ.[[#This Row],[VALIDADE]] -> 48894 | K10: 4 | L10: N.A. | M10: =VLOOKUP(NR12.OP.MAQ.[[#This Row],[NOME]],'CADASTRO'!A:K,6,0) -> ATIVO
A11: EXTERNO | B11: EXXCELENCIA | C11: THIAGO FERREIRA | D11: NR 12 - OP. MAQ. E EQUIP. | E11: BRUNA FRANCO PAULINO DOS SANTOS | F11: =VLOOKUP(NR12.OP.MAQ.[[#This Row],[NOME]],'CADASTRO'!A:K,5,0) -> OPERADOR INDUSTRIAL I | G11: 44720 | H11: 5000 | I11: =IF(NR12.OP.MAQ.[[#This Row],[SITUAÇÃO]]="ATIVO", IF(NR12.OP.MAQ.[[#This Row],[CONDIÇÃO]]="N.A.", "N.A.", IF(NR12.OP.MAQ.[[#This Row],[CONDIÇÃO]]="REPROVADO", "REPROVADO", IF(NR12.OP.MAQ.[[#This Row],[CONDIÇÃO]]="RECICLADO", "HISTORICO", IF(NR12.OP.MAQ.[[#This Row],[CONDIÇÃO]]="SEM REGISTRO", "SEM REGISTRO", IF(G344="01/01/1900", "SEM REGISTRO", IF((G11+H11)>TODAY(), "NO PRAZO", "VENCIDO" ) ) ) ) ) ),"N.A.") -> N.A. | J11: =NR12.OP.MAQ.[[#This Row],[TREINADO EM]]+NR12.OP.MAQ.[[#This Row],[VALIDADE]] -> 49720 | K11: 4 | L11: N.A. | M11: =VLOOKUP(NR12.OP.MAQ.[[#This Row],[NOME]],'CADASTRO'!A:K,6,0) -> S-AFASTADO
A12: EXTERNO | B12: EXXCELENCIA | C12: THIAGO FERREIRA | D12: NR 12 - OP. MAQ. E EQUIP. | E12: BRUNO HENRIQUE HONORIO SILVA | F12: =VLOOKUP(NR12.OP.MAQ.[[#This Row],[NOME]],'CADASTRO'!A:K,5,0) -> AUXILIAR INDUSTRIAL | G12: 44376 | H12: 5000 | I12: =IF(NR12.OP.MAQ.[[#This Row],[SITUAÇÃO]]="ATIVO", IF(NR12.OP.MAQ.[[#This Row],[CONDIÇÃO]]="N.A.", "N.A.", IF(NR12.OP.MAQ.[[#This Row],[CONDIÇÃO]]="REPROVADO", "REPROVADO", IF(NR12.OP.MAQ.[[#This Row],[CONDIÇÃO]]="RECICLADO", "HISTORICO", IF(NR12.OP.MAQ.[[#This Row],[CONDIÇÃO]]="SEM REGISTRO", "SEM REGISTRO", IF(G345="01/01/1900", "SEM REGISTRO", IF((G12+H12)>TODAY(), "NO PRAZO", "VENCIDO" ) ) ) ) ) ),"N.A.") -> N.A. | J12: =NR12.OP.MAQ.[[#This Row],[TREINADO EM]]+NR12.OP.MAQ.[[#This Row],[VALIDADE]] -> 49376 | K12: 4 | L12: N.A. | M12: =VLOOKUP(NR12.OP.MAQ.[[#This Row],[NOME]],'CADASTRO'!A:K,6,0) -> DESLIGADO
A13: EXTERNO | B13: EXXCELENCIA | C13: THIAGO FERREIRA | D13: NR 12 - OP. MAQ. E EQUIP. | E13: BRUNO VINICIUS DE OLIVEIRA ALVES | F13: =VLOOKUP(NR12.OP.MAQ.[[#This Row],[NOME]],'CADASTRO'!A:K,5,0) -> OPERADOR INDUSTRIAL II | G13: 43404 | H13: 5000 | I13: =IF(NR12.OP.MAQ.[[#This Row],[SITUAÇÃO]]="ATIVO", IF(NR12.OP.MAQ.[[#This Row],[CONDIÇÃO]]="N.A.", "N.A.", IF(NR12.OP.MAQ.[[#This Row],[CONDIÇÃO]]="REPROVADO", "REPROVADO", IF(NR12.OP.MAQ.[[#This Row],[CONDIÇÃO]]="RECICLADO", "HISTORICO", IF(NR12.OP.MAQ.[[#This Row],[CONDIÇÃO]]="SEM REGISTRO", "SEM REGISTRO", IF(G346="01/01/1900", "SEM REGISTRO", IF((G13+H13)>TODAY(), "NO PRAZO", "VENCIDO" ) ) ) ) ) ),"N.A.") -> N.A. | J13: =NR12.OP.MAQ.[[#This Row],[TREINADO EM]]+NR12.OP.MAQ.[[#This Row],[VALIDADE]] -> 48404 | K13: 6 | L13: N.A. | M13: =VLOOKUP(NR12.OP.MAQ.[[#This Row],[NOME]],'CADASTRO'!A:K,6,0) -> DESLIGADO
... A139: EXTERNO | B139: EXXCELENCIA | C139: THIAGO FERREIRA | D139: NR 12 - OP. MAQ. E EQUIP. | E139: WEVERTON MEDEIRO | F139: =VLOOKUP(NR12.OP.MAQ.[[#This Row],[NOME]],'CADASTRO'!A:K,5,0) -> OPERADOR INDUSTRIAL I | G139: 45548 | H139: 5000 | I139: =IF(NR12.OP.MAQ.[[#This Row],[SITUAÇÃO]]="ATIVO", IF(NR12.OP.MAQ.[[#This Row],[CONDIÇÃO]]="N.A.", "N.A.", IF(NR12.OP.MAQ.[[#This Row],[CONDIÇÃO]]="REPROVADO", "REPROVADO", IF(NR12.OP.MAQ.[[#This Row],[CONDIÇÃO]]="RECICLADO", "HISTORICO", IF(NR12.OP.MAQ.[[#This Row],[CONDIÇÃO]]="SEM REGISTRO", "SEM REGISTRO", IF(G472="01/01/1900", "SEM REGISTRO", IF((G139+H139)>TODAY(), "NO PRAZO", "VENCIDO" ) ) ) ) ) ),"N.A.") -> N.A. | J139: =NR12.OP.MAQ.[[#This Row],[TREINADO EM]]+NR12.OP.MAQ.[[#This Row],[VALIDADE]] -> 50548 | K139: 4 | L139: N.A. | M139: =VLOOKUP(NR12.OP.MAQ.[[#This Row],[NOME]],'CADASTRO'!A:K,6,0) -> DESLIGADO

Sheet NR 13 VASO DE PRESSAO
A1: ORIGEM | B1: FORNECEDOR | C1: INSTRUTOR | D1: TREINAMENTO | E1: NOME | F1: CARGO | G1: TREINADO EM | H1: VALIDADE | I1: STATUS | J1: VENCE EM | K1: CARGA HORARIA | L1: CONDIÇÃO | M1: SITUAÇÃO
A2: EXTERNO | B2: MERITUS | C2: FELICIO MATOS | D2: NR 13 - VASO DE PRESSÃO | E2: ALEX BARBARA | F2: =VLOOKUP(NR13.VASO.DE.PRESSAO[[#This Row],[NOME]],'CADASTRO'!A:K,5,0) -> TECNICO MECANICO II | G2: 45149 | H2: 1095 | I2: =IF(NR13.VASO.DE.PRESSAO[[#This Row],[SITUAÇÃO]]="ATIVO", IF(NR13.VASO.DE.PRESSAO[[#This Row],[CONDIÇÃO]]="N.A.", "N.A.", IF(NR13.VASO.DE.PRESSAO[[#This Row],[CONDIÇÃO]]="REPROVADO", "REPROVADO", IF(NR13.VASO.DE.PRESSAO[[#This Row],[CONDIÇÃO]]="RECICLADO", "HISTORICO", IF(NR13.VASO.DE.PRESSAO[[#This Row],[CONDIÇÃO]]="SEM REGISTRO", "SEM REGISTRO", IF(G338="01/01/1900", "SEM REGISTRO", IF((G2+H2)>TODAY(), "NO PRAZO", "VENCIDO" ) ) ) ) ) ),"N.A.") -> N.A. | J2: =NR13.VASO.DE.PRESSAO[[#This Row],[TREINADO EM]]+NR13.VASO.DE.PRESSAO[[#This Row],[VALIDADE]] -> 46244 | K2: 40 | L2: N.A. | M2: =VLOOKUP(NR13.VASO.DE.PRESSAO[[#This Row],[NOME]],'CADASTRO'!A:K,6,0) -> ATIVO
A3: EXTERNO | B3: MERITUS | C3: FELICIO MATOS | D3: NR 13 - VASO DE PRESSÃO | E3: ALEXANDRE DE ASSIS DA COSTA | F3: =VLOOKUP(NR13.VASO.DE.PRESSAO[[#This Row],[NOME]],'CADASTRO'!A:K,5,0) -> TECNICO MECANICO II | G3: 45149 | H3: 1095 | I3: =IF(NR13.VASO.DE.PRESSAO[[#This Row],[SITUAÇÃO]]="ATIVO", IF(NR13.VASO.DE.PRESSAO[[#This Row],[CONDIÇÃO]]="N.A.", "N.A.", IF(NR13.VASO.DE.PRESSAO[[#This Row],[CONDIÇÃO]]="REPROVADO", "REPROVADO", IF(NR13.VASO.DE.PRESSAO[[#This Row],[CONDIÇÃO]]="RECICLADO", "HISTORICO", IF(NR13.VASO.DE.PRESSAO[[#This Row],[CONDIÇÃO]]="SEM REGISTRO", "SEM REGISTRO", IF(G339="01/01/1900", "SEM REGISTRO", IF((G3+H3)>TODAY(), "NO PRAZO", "VENCIDO" ) ) ) ) ) ),"N.A.") -> N.A. | J3: =NR13.VASO.DE.PRESSAO[[#This Row],[TREINADO EM]]+NR13.VASO.DE.PRESSAO[[#This Row],[VALIDADE]] -> 46244 | K3: 40 | L3: N.A. | M3: =VLOOKUP(NR13.VASO.DE.PRESSAO[[#This Row],[NOME]],'CADASTRO'!A:K,6,0) -> ATIVO
A4: EXTERNO | B4: MERITUS | C4: FELICIO MATOS | D4: NR 13 - VASO DE PRESSÃO | E4: ANGELO ROSEMBERG BELLO TEIXEIRA | F4: =VLOOKUP(NR13.VASO.DE.PRESSAO[[#This Row],[NOME]],'CADASTRO'!A:K,5,0) -> TECNICO ELETRONICO II | G4: 45149 | H4: 1095 | I4: =IF(NR13.VASO.DE.PRESSAO[[#This Row],[SITUAÇÃO]]="ATIVO", IF(NR13.VASO.DE.PRESSAO[[#This Row],[CONDIÇÃO]]="N.A.", "N.A.", IF(NR13.VASO.DE.PRESSAO[[#This Row],[CONDIÇÃO]]="REPROVADO", "REPROVADO", IF(NR13.VASO.DE.PRESSAO[[#This Row],[CONDIÇÃO]]="RECICLADO", "HISTORICO", IF(NR13.VASO.DE.PRESSAO[[#This Row],[CONDIÇÃO]]="SEM REGISTRO", "SEM REGISTRO", IF(G340="01/01/1900", "SEM REGISTRO", IF((G4+H4)>TODAY(), "NO PRAZO", "VENCIDO" ) ) ) ) ) ),"N.A.") -> N.A. | J4: =NR13.VASO.DE.PRESSAO[[#This Row],[TREINADO EM]]+NR13.VASO.DE.PRESSAO[[#This Row],[VALIDADE]] -> 46244 | K4: 40 | L4: N.A. | M4: =VLOOKUP(NR13.VASO.DE.PRESSAO[[#This Row],[NOME]],'CADASTRO'!A:K,6,0) -> DESLIGADO
A5: EXTERNO | B5: MERITUS | C5: FELICIO MATOS | D5: NR 13 - VASO DE PRESSÃO | E5: ARTHUR FIGUEIREDO DA SILVA | F5: =VLOOKUP(NR13.VASO.DE.PRESSAO[[#This Row],[NOME]],'CADASTRO'!A:K,5,0) -> TECNICO MECANICO II | G5: 45184 | H5: 1095 | I5: =IF(NR13.VASO.DE.PRESSAO[[#This Row],[SITUAÇÃO]]="ATIVO", IF(NR13.VASO.DE.PRESSAO[[#This Row],[CONDIÇÃO]]="N.A.", "N.A.", IF(NR13.VASO.DE.PRESSAO[[#This Row],[CONDIÇÃO]]="REPROVADO", "REPROVADO", IF(NR13.VASO.DE.PRESSAO[[#This Row],[CONDIÇÃO]]="RECICLADO", "HISTORICO", IF(NR13.VASO.DE.PRESSAO[[#This Row],[CONDIÇÃO]]="SEM REGISTRO", "SEM REGISTRO", IF(G341="01/01/1900", "SEM REGISTRO", IF((G5+H5)>TODAY(), "NO PRAZO", "VENCIDO" ) ) ) ) ) ),"N.A.") -> N.A. | J5: =NR13.VASO.DE.PRESSAO[[#This Row],[TREINADO EM]]+NR13.VASO.DE.PRESSAO[[#This Row],[VALIDADE]] -> 46279 | K5: 40 | L5: N.A. | M5: =VLOOKUP(NR13.VASO.DE.PRESSAO[[#This Row],[NOME]],'CADASTRO'!A:K,6,0) -> ATIVO
A6: EXTERNO | B6: MERITUS | C6: ARIMAR AMORIM | D6: NR 13 - VASO DE PRESSÃO | E6: CALUAN DE JESUS SANTOS GUIMARAES | F6: =VLOOKUP(NR13.VASO.DE.PRESSAO[[#This Row],[NOME]],'CADASTRO'!A:K,5,0) -> TECNICO MECANICO II | G6: 45135 | H6: 1095 | I6: =IF(NR13.VASO.DE.PRESSAO[[#This Row],[SITUAÇÃO]]="ATIVO", IF(NR13.VASO.DE.PRESSAO[[#This Row],[CONDIÇÃO]]="N.A.", "N.A.", IF(NR13.VASO.DE.PRESSAO[[#This Row],[CONDIÇÃO]]="REPROVADO", "REPROVADO", IF(NR13.VASO.DE.PRESSAO[[#This Row],[CONDIÇÃO]]="RECICLADO", "HISTORICO", IF(NR13.VASO.DE.PRESSAO[[#This Row],[CONDIÇÃO]]="SEM REGISTRO", "SEM REGISTRO", IF(G342="01/01/1900", "SEM REGISTRO", IF((G6+H6)>TODAY(), "NO PRAZO", "VENCIDO" ) ) ) ) ) ),"N.A.") -> N.A. | J6: =NR13.VASO.DE.PRESSAO[[#This Row],[TREINADO EM]]+NR13.VASO.DE.PRESSAO[[#This Row],[VALIDADE]] -> 46230 | K6: 40 | L6: N.A. | M6: =VLOOKUP(NR13.VASO.DE.PRESSAO[[#This Row],[NOME]],'CADASTRO'!A:K,6,0) -> TRANSFERIDO
A7: EXTERNO | B7: MERITUS | C7: FELICIO MATOS | D7: NR 13 - VASO DE PRESSÃO | E7: EDNALDO LOPES DA SILVA | F7: =VLOOKUP(NR13.VASO.DE.PRESSAO[[#This Row],[NOME]],'CADASTRO'!A:K,5,0) -> TECNICO MECANICO II | G7: 45184 | H7: 1095 | I7: =IF(NR13.VASO.DE.PRESSAO[[#This Row],[SITUAÇÃO]]="ATIVO", IF(NR13.VASO.DE.PRESSAO[[#This Row],[CONDIÇÃO]]="N.A.", "N.A.", IF(NR13.VASO.DE.PRESSAO[[#This Row],[CONDIÇÃO]]="REPROVADO", "REPROVADO", IF(NR13.VASO.DE.PRESSAO[[#This Row],[CONDIÇÃO]]="RECICLADO", "HISTORICO", IF(NR13.VASO.DE.PRESSAO[[#This Row],[CONDIÇÃO]]="SEM REGISTRO", "SEM REGISTRO", IF(G343="01/01/1900", "SEM REGISTRO", IF((G7+H7)>TODAY(), "NO PRAZO", "VENCIDO" ) ) ) ) ) ),"N.A.") -> N.A. | J7: =NR13.VASO.DE.PRESSAO[[#This Row],[TREINADO EM]]+NR13.VASO.DE.PRESSAO[[#This Row],[VALIDADE]] -> 46279 | K7: 40 | L7: N.A. | M7: =VLOOKUP(NR13.VASO.DE.PRESSAO[[#This Row],[NOME]],'CADASTRO'!A:K,6,0) -> ATIVO
A8: EXTERNO | B8: MERITUS | C8: ARIMAR AMORIM | D8: NR 13 - VASO DE PRESSÃO | E8: EDVALDO RENER DA SILVA | F8: =VLOOKUP(NR13.VASO.DE.PRESSAO[[#This Row],[NOME]],'CADASTRO'!A:K,5,0) -> OPERADOR INDUSTRIAL III | G8: 45135 | H8: 1095 | I8: =IF(NR13.VASO.DE.PRESSAO[[#This Row],[SITUAÇÃO]]="ATIVO", IF(NR13.VASO.DE.PRESSAO[[#This Row],[CONDIÇÃO]]="N.A.", "N.A.", IF(NR13.VASO.DE.PRESSAO[[#This Row],[CONDIÇÃO]]="REPROVADO", "REPROVADO", IF(NR13.VASO.DE.PRESSAO[[#This Row],[CONDIÇÃO]]="RECICLADO", "HISTORICO", IF(NR13.VASO.DE.PRESSAO[[#This Row],[CONDIÇÃO]]="SEM REGISTRO", "SEM REGISTRO", IF(G344="01/01/1900", "SEM REGISTRO", IF((G8+H8)>TODAY(), "NO PRAZO", "VENCIDO" ) ) ) ) ) ),"N.A.") -> N.A. | J8: =NR13.VASO.DE.PRESSAO[[#This Row],[TREINADO EM]]+NR13.VASO.DE.PRESSAO[[#This Row],[VALIDADE]] -> 46230 | K8: 40 | L8: N.A. | M8: =VLOOKUP(NR13.VASO.DE.PRESSAO[[#This Row],[NOME]],'CADASTRO'!A:K,6,0) -> ATIVO
A9: EXTERNO | B9: MERITUS | C9: FELICIO MATOS | D9: NR 13 - VASO DE PRESSÃO | E9: EDVAN HENRIQUE PIRES SANTOS | F9: =VLOOKUP(NR13.VASO.DE.PRESSAO[[#This Row],[NOME]],'CADASTRO'!A:K,5,0) -> OPERADOR INDUSTRIAL III | G9: 45149 | H9: 1095 | I9: =IF(NR13.VASO.DE.PRESSAO[[#This Row],[SITUAÇÃO]]="ATIVO", IF(NR13.VASO.DE.PRESSAO[[#This Row],[CONDIÇÃO]]="N.A.", "N.A.", IF(NR13.VASO.DE.PRESSAO[[#This Row],[CONDIÇÃO]]="REPROVADO", "REPROVADO", IF(NR13.VASO.DE.PRESSAO[[#This Row],[CONDIÇÃO]]="RECICLADO", "HISTORICO", IF(NR13.VASO.DE.PRESSAO[[#This Row],[CONDIÇÃO]]="SEM REGISTRO", "SEM REGISTRO", IF(G345="01/01/1900", "SEM REGISTRO", IF((G9+H9)>TODAY(), "NO PRAZO", "VENCIDO" ) ) ) ) ) ),"N.A.") -> N.A. | J9: =NR13.VASO.DE.PRESSAO[[#This Row],[TREINADO EM]]+NR13.VASO.DE.PRESSAO[[#This Row],[VALIDADE]] -> 46244 | K9: 40 | L9: N.A. | M9: =VLOOKUP(NR13.VASO.DE.PRESSAO[[#This Row],[NOME]],'CADASTRO'!A:K,6,0) -> ATIVO
A10: EXTERNO | B10: MERITUS | C10: FELICIO MATOS | D10: NR 13 - VASO DE PRESSÃO | E10: ELIEZER SILVA | F10: =VLOOKUP(NR13.VASO.DE.PRESSAO[[#This Row],[NOME]],'CADASTRO'!A:K,5,0) -> COORDENADOR MANUTENCAO SR | G10: 45184 | H10: 1095 | I10: =IF(NR13.VASO.DE.PRESSAO[[#This Row],[SITUAÇÃO]]="ATIVO", IF(NR13.VASO.DE.PRESSAO[[#This Row],[CONDIÇÃO]]="N.A.", "N.A.", IF(NR13.VASO.DE.PRESSAO[[#This Row],[CONDIÇÃO]]="REPROVADO", "REPROVADO", IF(NR13.VASO.DE.PRESSAO[[#This Row],[CONDIÇÃO]]="RECICLADO", "HISTORICO", IF(NR13.VASO.DE.PRESSAO[[#This Row],[CONDIÇÃO]]="SEM REGISTRO", "SEM REGISTRO", IF(G346="01/01/1900", "SEM REGISTRO", IF((G10+H10)>TODAY(), "NO PRAZO", "VENCIDO" ) ) ) ) ) ),"N.A.") -> N.A. | J10: =NR13.VASO.DE.PRESSAO[[#This Row],[TREINADO EM]]+NR13.VASO.DE.PRESSAO[[#This Row],[VALIDADE]] -> 46279 | K10: 40 | L10: N.A. | M10: =VLOOKUP(NR13.VASO.DE.PRESSAO[[#This Row],[NOME]],'CADASTRO'!A:K,6,0) -> ATIVO
A11: EXTERNO | B11: MERITUS | C11: FELICIO MATOS | D11: NR 13 - VASO DE PRESSÃO | E11: FABIO DE SOUZA COELHO | F11: =VLOOKUP(NR13.VASO.DE.PRESSAO[[#This Row],[NOME]],'CADASTRO'!A:K,5,0) -> TECNICO ELETRONICO III | G11: 45184 | H11: 1095 | I11: =IF(NR13.VASO.DE.PRESSAO[[#This Row],[SITUAÇÃO]]="ATIVO", IF(NR13.VASO.DE.PRESSAO[[#This Row],[CONDIÇÃO]]="N.A.", "N.A.", IF(NR13.VASO.DE.PRESSAO[[#This Row],[CONDIÇÃO]]="REPROVADO", "REPROVADO", IF(NR13.VASO.DE.PRESSAO[[#This Row],[CONDIÇÃO]]="RECICLADO", "HISTORICO", IF(NR13.VASO.DE.PRESSAO[[#This Row],[CONDIÇÃO]]="SEM REGISTRO", "SEM REGISTRO", IF(G347="01/01/1900", "SEM REGISTRO", IF((G11+H11)>TODAY(), "NO PRAZO", "VENCIDO" ) ) ) ) ) ),"N.A.") -> N.A. | J11: =NR13.VASO.DE.PRESSAO[[#This Row],[TREINADO EM]]+NR13.VASO.DE.PRESSAO[[#This Row],[VALIDADE]] -> 46279 | K11: 40 | L11: N.A. | M11: =VLOOKUP(NR13.VASO.DE.PRESSAO[[#This Row],[NOME]],'CADASTRO'!A:K,6,0) -> ATIVO
A12: EXTERNO | B12: MERITUS | C12: FELICIO MATOS | D12: NR 13 - VASO DE PRESSÃO | E12: HIAGO DA SILVA DANTAS | F12: =VLOOKUP(NR13.VASO.DE.PRESSAO[[#This Row],[NOME]],'CADASTRO'!A:K,5,0) -> COORDENADOR PRODUCAO | G12: 45184 | H12: 1095 | I12: =IF(NR13.VASO.DE.PRESSAO[[#This Row],[SITUAÇÃO]]="ATIVO", IF(NR13.VASO.DE.PRESSAO[[#This Row],[CONDIÇÃO]]="N.A.", "N.A.", IF(NR13.VASO.DE.PRESSAO[[#This Row],[CONDIÇÃO]]="REPROVADO", "REPROVADO", IF(NR13.VASO.DE.PRESSAO[[#This Row],[CONDIÇÃO]]="RECICLADO", "HISTORICO", IF(NR13.VASO.DE.PRESSAO[[#This Row],[CONDIÇÃO]]="SEM REGISTRO", "SEM REGISTRO", IF(G348="01/01/1900", "SEM REGISTRO", IF((G12+H12)>TODAY(), "NO PRAZO", "VENCIDO" ) ) ) ) ) ),"N.A.") -> N.A. | J12: =NR13.VASO.DE.PRESSAO[[#This Row],[TREINADO EM]]+NR13.VASO.DE.PRESSAO[[#This Row],[VALIDADE]] -> 46279 | K12: 40 | L12: N.A. | M12: =VLOOKUP(NR13.VASO.DE.PRESSAO[[#This Row],[NOME]],'CADASTRO'!A:K,6,0) -> TRANSFERIDO
A13: EXTERNO | B13: MERITUS | C13: FELICIO MATOS | D13: NR 13 - VASO DE PRESSÃO | E13: JADER FERREIRA COSTA | F13: =VLOOKUP(NR13.VASO.DE.PRESSAO[[#This Row],[NOME]],'CADASTRO'!A:K,5,0) -> TECNICO ELETRONICO II | G13: 45184 | H13: 1095 | I13: =IF(NR13.VASO.DE.PRESSAO[[#This Row],[SITUAÇÃO]]="ATIVO", IF(NR13.VASO.DE.PRESSAO[[#This Row],[CONDIÇÃO]]="N.A.", "N.A.", IF(NR13.VASO.DE.PRESSAO[[#This Row],[CONDIÇÃO]]="REPROVADO", "REPROVADO", IF(NR13.VASO.DE.PRESSAO[[#This Row],[CONDIÇÃO]]="RECICLADO", "HISTORICO", IF(NR13.VASO.DE.PRESSAO[[#This Row],[CONDIÇÃO]]="SEM REGISTRO", "SEM REGISTRO", IF(G349="01/01/1900", "SEM REGISTRO", IF((G13+H13)>TODAY(), "NO PRAZO", "VENCIDO" ) ) ) ) ) ),"N.A.") -> N.A. | J13: =NR13.VASO.DE.PRESSAO[[#This Row],[TREINADO EM]]+NR13.VASO.DE.PRESSAO[[#This Row],[VALIDADE]] -> 46279 | K13: 40 | L13: N.A. | M13: =VLOOKUP(NR13.VASO.DE.PRESSAO[[#This Row],[NOME]],'CADASTRO'!A:K,6,0) -> ATIVO
... A27: EXTERNO | B27: SEM REGISTRO | C27: SEM REGISTRO | D27: NR 13 - VASO DE PRESSÃO | E27: MARCOS DA COSTA | F27: =VLOOKUP(NR13.VASO.DE.PRESSAO[[#This Row],[NOME]],'CADASTRO'!A:K,5,0) -> TECNICO MECANICO II | G27: 1 | H27: 1095 | I27: =IF(NR13.VASO.DE.PRESSAO[[#This Row],[SITUAÇÃO]]="ATIVO", IF(NR13.VASO.DE.PRESSAO[[#This Row],[CONDIÇÃO]]="N.A.", "N.A.", IF(NR13.VASO.DE.PRESSAO[[#This Row],[CONDIÇÃO]]="REPROVADO", "REPROVADO", IF(NR13.VASO.DE.PRESSAO[[#This Row],[CONDIÇÃO]]="RECICLADO", "HISTORICO", IF(NR13.VASO.DE.PRESSAO[[#This Row],[CONDIÇÃO]]="SEM REGISTRO", "SEM REGISTRO", IF(G363="01/01/1900", "SEM REGISTRO", IF((G27+H27)>TODAY(), "NO PRAZO", "VENCIDO" ) ) ) ) ) ),"N.A.") -> N.A. | J27: =NR13.VASO.DE.PRESSAO[[#This Row],[TREINADO EM]]+NR13.VASO.DE.PRESSAO[[#This Row],[VALIDADE]] -> 1096 | K27: 0 | L27: N.A. | M27: =VLOOKUP(NR13.VASO.DE.PRESSAO[[#This Row],[NOME]],'CADASTRO'!A:K,6,0) -> ATIVO

Sheet NR18 PTA
A1: ORIGEM | B1: FORNECEDOR | C1: INSTRUTOR | D1: TREINAMENTO | E1: NOME | F1: CARGO | G1: TREINADO EM | H1: VALIDADE | I1: STATUS | J1: VENCE EM | K1: CARGA HORARIA | L1: CONDIÇÃO | M1: SITUAÇÃO
A2: EXTERNO | B2: EXXCELENCIA | C2: THIAGO FERREIRA | D2: NR18 PLATAFORMA ELEVATORIA | E2: ALEX BARBARA | F2: =VLOOKUP(PTA[[#This Row],[NOME]],'CADASTRO'!A:K,5,0) -> TECNICO MECANICO II | G2: 43237 | H2: 730 | I2: =IF(PTA[[#This Row],[SITUAÇÃO]]="ATIVO",IF(PTA[[#This Row],[CONDIÇÃO]]="N.A.","N.A.", IF(PTA[[#This Row],[CONDIÇÃO]]="REPROVADO","REPROVADO",IF(PTA[[#This Row],[CONDIÇÃO]]="RECICLADO","HISTORICO", IF((G2+H2)>(TODAY()),"NO PRAZO", "VENCIDO")))),"N.A.") -> HISTORICO | J2: =PTA[[#This Row],[TREINADO EM]]+PTA[[#This Row],[VALIDADE]] -> 43967 | K2: 16 | L2: RECICLADO | M2: =VLOOKUP(PTA[[#This Row],[NOME]],'CADASTRO'!A:K,6,0) -> ATIVO
A3: EXTERNO | B3: EXXCELENCIA | C3: FELICIO MATOS | D3: NR18 PLATAFORMA ELEVATORIA | E3: ALEX BARBARA | F3: =VLOOKUP(PTA[[#This Row],[NOME]],'CADASTRO'!A:K,5,0) -> TECNICO MECANICO II | G3: 46220 | H3: 730 | I3: =IF(PTA[[#This Row],[SITUAÇÃO]]="ATIVO",IF(PTA[[#This Row],[CONDIÇÃO]]="N.A.","N.A.", IF(PTA[[#This Row],[CONDIÇÃO]]="REPROVADO","REPROVADO",IF(PTA[[#This Row],[CONDIÇÃO]]="RECICLADO","HISTORICO", IF((G3+H3)>(TODAY()),"NO PRAZO", "VENCIDO")))),"N.A.") -> NO PRAZO | J3: =PTA[[#This Row],[TREINADO EM]]+PTA[[#This Row],[VALIDADE]] -> 46950 | K3: 4 | L3: APROVADO | M3: =VLOOKUP(PTA[[#This Row],[NOME]],'CADASTRO'!A:K,6,0) -> ATIVO
A4: EXTERNO | B4: MERITUS | C4: ARIMAR AMORIM | D4: NR18 PLATAFORMA ELEVATORIA | E4: ALEXANDRE DE ASSIS DA COSTA | F4: =VLOOKUP(PTA[[#This Row],[NOME]],'CADASTRO'!A:K,5,0) -> TECNICO MECANICO II | G4: 45075 | H4: 730 | I4: =IF(PTA[[#This Row],[SITUAÇÃO]]="ATIVO",IF(PTA[[#This Row],[CONDIÇÃO]]="N.A.","N.A.", IF(PTA[[#This Row],[CONDIÇÃO]]="REPROVADO","REPROVADO",IF(PTA[[#This Row],[CONDIÇÃO]]="RECICLADO","HISTORICO", IF((G4+H4)>(TODAY()),"NO PRAZO", "VENCIDO")))),"N.A.") -> HISTORICO | J4: =PTA[[#This Row],[TREINADO EM]]+PTA[[#This Row],[VALIDADE]] -> 45805 | K4: 8 | L4: RECICLADO | M4: =VLOOKUP(PTA[[#This Row],[NOME]],'CADASTRO'!A:K,6,0) -> ATIVO
A5: EXTERNO | B5: EXXCELENCIA | C5: FELICIO MATOS | D5: NR18 PLATAFORMA ELEVATORIA | E5: ALEXANDRE DE ASSIS DA COSTA | F5: =VLOOKUP(PTA[[#This Row],[NOME]],'CADASTRO'!A:K,5,0) -> TECNICO MECANICO II | G5: 46109 | H5: 730 | I5: =IF(PTA[[#This Row],[SITUAÇÃO]]="ATIVO",IF(PTA[[#This Row],[CONDIÇÃO]]="N.A.","N.A.", IF(PTA[[#This Row],[CONDIÇÃO]]="REPROVADO","REPROVADO",IF(PTA[[#This Row],[CONDIÇÃO]]="RECICLADO","HISTORICO", IF((G5+H5)>(TODAY()),"NO PRAZO", "VENCIDO")))),"N.A.") -> NO PRAZO | J5: =PTA[[#This Row],[TREINADO EM]]+PTA[[#This Row],[VALIDADE]] -> 46839 | K5: 4 | L5: APROVADO | M5: =VLOOKUP(PTA[[#This Row],[NOME]],'CADASTRO'!A:K,6,0) -> ATIVO
A6: EXTERNO | B6: EXXCELENCIA | C6: VINICIUS FERREIRA | D6: NR18 PLATAFORMA ELEVATORIA | E6: ANGELO ROSEMBERG BELLO TEIXEIRA | F6: =VLOOKUP(PTA[[#This Row],[NOME]],'CADASTRO'!A:K,5,0) -> TECNICO ELETRONICO II | G6: 43934 | H6: 730 | I6: =IF(PTA[[#This Row],[SITUAÇÃO]]="ATIVO",IF(PTA[[#This Row],[CONDIÇÃO]]="N.A.","N.A.", IF(PTA[[#This Row],[CONDIÇÃO]]="REPROVADO","REPROVADO",IF(PTA[[#This Row],[CONDIÇÃO]]="RECICLADO","HISTORICO", IF((G6+H6)>(TODAY()),"NO PRAZO", "VENCIDO")))),"N.A.") -> N.A. | J6: =PTA[[#This Row],[TREINADO EM]]+PTA[[#This Row],[VALIDADE]] -> 44664 | K6: 8 | L6: RECICLADO | M6: =VLOOKUP(PTA[[#This Row],[NOME]],'CADASTRO'!A:K,6,0) -> DESLIGADO
A7: EXTERNO | B7: MERITUS | C7: FELICIO MATOS | D7: NR18 PLATAFORMA ELEVATORIA | E7: ANGELO ROSEMBERG BELLO TEIXEIRA | F7: =VLOOKUP(PTA[[#This Row],[NOME]],'CADASTRO'!A:K,5,0) -> TECNICO ELETRONICO II | G7: 45454 | H7: 730 | I7: =IF(PTA[[#This Row],[SITUAÇÃO]]="ATIVO",IF(PTA[[#This Row],[CONDIÇÃO]]="N.A.","N.A.", IF(PTA[[#This Row],[CONDIÇÃO]]="REPROVADO","REPROVADO",IF(PTA[[#This Row],[CONDIÇÃO]]="RECICLADO","HISTORICO", IF((G7+H7)>(TODAY()),"NO PRAZO", "VENCIDO")))),"N.A.") -> N.A. | J7: =PTA[[#This Row],[TREINADO EM]]+PTA[[#This Row],[VALIDADE]] -> 46184 | K7: 4 | L7: APROVADO | M7: =VLOOKUP(PTA[[#This Row],[NOME]],'CADASTRO'!A:K,6,0) -> DESLIGADO
A8: EXTERNO | B8: MERITUS | C8: ARIMAR AMORIM | D8: NR18 PLATAFORMA ELEVATORIA | E8: ARTHUR FIGUEIREDO DA SILVA | F8: =VLOOKUP(PTA[[#This Row],[NOME]],'CADASTRO'!A:K,5,0) -> TECNICO MECANICO II | G8: 45075 | H8: 730 | I8: =IF(PTA[[#This Row],[SITUAÇÃO]]="ATIVO",IF(PTA[[#This Row],[CONDIÇÃO]]="N.A.","N.A.", IF(PTA[[#This Row],[CONDIÇÃO]]="REPROVADO","REPROVADO",IF(PTA[[#This Row],[CONDIÇÃO]]="RECICLADO","HISTORICO", IF((G8+H8)>(TODAY()),"NO PRAZO", "VENCIDO")))),"N.A.") -> HISTORICO | J8: =PTA[[#This Row],[TREINADO EM]]+PTA[[#This Row],[VALIDADE]] -> 45805 | K8: 8 | L8: RECICLADO | M8: =VLOOKUP(PTA[[#This Row],[NOME]],'CADASTRO'!A:K,6,0) -> ATIVO
A9: EXTERNO | B9: EXXCELENCIA | C9: FELICIO MATOS | D9: NR18 PLATAFORMA ELEVATORIA | E9: ARTHUR FIGUEIREDO DA SILVA | F9: =VLOOKUP(PTA[[#This Row],[NOME]],'CADASTRO'!A:K,5,0) -> TECNICO MECANICO II | G9: 46109 | H9: 730 | I9: =IF(PTA[[#This Row],[SITUAÇÃO]]="ATIVO",IF(PTA[[#This Row],[CONDIÇÃO]]="N.A.","N.A.", IF(PTA[[#This Row],[CONDIÇÃO]]="REPROVADO","REPROVADO",IF(PTA[[#This Row],[CONDIÇÃO]]="RECICLADO","HISTORICO", IF((G9+H9)>(TODAY()),"NO PRAZO", "VENCIDO")))),"N.A.") -> NO PRAZO | J9: =PTA[[#This Row],[TREINADO EM]]+PTA[[#This Row],[VALIDADE]] -> 46839 | K9: 4 | L9: APROVADO | M9: =VLOOKUP(PTA[[#This Row],[NOME]],'CADASTRO'!A:K,6,0) -> ATIVO
A10: EXTERNO | B10: EXXCELENCIA | C10: FELICIO MATOS | D10: NR18 PLATAFORMA ELEVATORIA | E10: CLEITON SOARES BRANDINO | F10: =VLOOKUP(PTA[[#This Row],[NOME]],'CADASTRO'!A:K,5,0) -> TECNICO MECANICO II | G10: 46076 | H10: 730 | I10: =IF(PTA[[#This Row],[SITUAÇÃO]]="ATIVO",IF(PTA[[#This Row],[CONDIÇÃO]]="N.A.","N.A.", IF(PTA[[#This Row],[CONDIÇÃO]]="REPROVADO","REPROVADO",IF(PTA[[#This Row],[CONDIÇÃO]]="RECICLADO","HISTORICO", IF((G10+H10)>(TODAY()),"NO PRAZO", "VENCIDO")))),"N.A.") -> N.A. | J10: =PTA[[#This Row],[TREINADO EM]]+PTA[[#This Row],[VALIDADE]] -> 46806 | K10: 4 | L10: APROVADO | M10: =VLOOKUP(PTA[[#This Row],[NOME]],'CADASTRO'!A:K,6,0) -> DESLIGADO
A11: EXTERNO | B11: EXXCELENCIA | C11: VINICIUS FERREIRA | D11: NR18 PLATAFORMA ELEVATORIA | E11: EDNALDO LOPES DA SILVA | F11: =VLOOKUP(PTA[[#This Row],[NOME]],'CADASTRO'!A:K,5,0) -> TECNICO MECANICO II | G11: 43935 | H11: 730 | I11: =IF(PTA[[#This Row],[SITUAÇÃO]]="ATIVO",IF(PTA[[#This Row],[CONDIÇÃO]]="N.A.","N.A.", IF(PTA[[#This Row],[CONDIÇÃO]]="REPROVADO","REPROVADO",IF(PTA[[#This Row],[CONDIÇÃO]]="RECICLADO","HISTORICO", IF((G11+H11)>(TODAY()),"NO PRAZO", "VENCIDO")))),"N.A.") -> HISTORICO | J11: =PTA[[#This Row],[TREINADO EM]]+PTA[[#This Row],[VALIDADE]] -> 44665 | K11: 9 | L11: RECICLADO | M11: =VLOOKUP(PTA[[#This Row],[NOME]],'CADASTRO'!A:K,6,0) -> ATIVO
A12: EXTERNO | B12: MERITUS | C12: FELICIO MATOS | D12: NR18 PLATAFORMA ELEVATORIA | E12: EDNALDO LOPES DA SILVA | F12: =VLOOKUP(PTA[[#This Row],[NOME]],'CADASTRO'!A:K,5,0) -> TECNICO MECANICO II | G12: 45454 | H12: 730 | I12: =IF(PTA[[#This Row],[SITUAÇÃO]]="ATIVO",IF(PTA[[#This Row],[CONDIÇÃO]]="N.A.","N.A.", IF(PTA[[#This Row],[CONDIÇÃO]]="REPROVADO","REPROVADO",IF(PTA[[#This Row],[CONDIÇÃO]]="RECICLADO","HISTORICO", IF((G12+H12)>(TODAY()),"NO PRAZO", "VENCIDO")))),"N.A.") -> VENCIDO | J12: =PTA[[#This Row],[TREINADO EM]]+PTA[[#This Row],[VALIDADE]] -> 46184 | K12: 4 | L12: APROVADO | M12: =VLOOKUP(PTA[[#This Row],[NOME]],'CADASTRO'!A:K,6,0) -> ATIVO
A13: EXTERNO | B13: EXXCELENCIA | C13: THIAGO FERREIRA | D13: NR18 PLATAFORMA ELEVATORIA | E13: FABIO DE SOUZA COELHO | F13: =VLOOKUP(PTA[[#This Row],[NOME]],'CADASTRO'!A:K,5,0) -> TECNICO ELETRONICO III | G13: 43622 | H13: 730 | I13: =IF(PTA[[#This Row],[SITUAÇÃO]]="ATIVO",IF(PTA[[#This Row],[CONDIÇÃO]]="N.A.","N.A.", IF(PTA[[#This Row],[CONDIÇÃO]]="REPROVADO","REPROVADO",IF(PTA[[#This Row],[CONDIÇÃO]]="RECICLADO","HISTORICO", IF((G13+H13)>(TODAY()),"NO PRAZO", "VENCIDO")))),"N.A.") -> N.A. | J13: =PTA[[#This Row],[TREINADO EM]]+PTA[[#This Row],[VALIDADE]] -> 44352 | K13: 8 | L13: N.A. | M13: =VLOOKUP(PTA[[#This Row],[NOME]],'CADASTRO'!A:K,6,0) -> ATIVO
... A39: EXTERNO | B39: EXXCELENCIA | C39: FELICIO MATOS | D39: NR18 PLATAFORMA ELEVATORIA | E39: WALLACE JOSE SILVA PEREIRA | F39: =VLOOKUP(PTA[[#This Row],[NOME]],'CADASTRO'!A:K,5,0) -> TECNICO ELETRONICO II | G39: 46076 | H39: 730 | I39: =IF(PTA[[#This Row],[SITUAÇÃO]]="ATIVO",IF(PTA[[#This Row],[CONDIÇÃO]]="N.A.","N.A.", IF(PTA[[#This Row],[CONDIÇÃO]]="REPROVADO","REPROVADO",IF(PTA[[#This Row],[CONDIÇÃO]]="RECICLADO","HISTORICO", IF((G39+H39)>(TODAY()),"NO PRAZO", "VENCIDO")))),"N.A.") -> NO PRAZO | J39: =PTA[[#This Row],[TREINADO EM]]+PTA[[#This Row],[VALIDADE]] -> 46806 | K39: 4 | L39: APROVADO | M39: =VLOOKUP(PTA[[#This Row],[NOME]],'CADASTRO'!A:K,6,0) -> ATIVO

Sheet NR20
A1: ORIGEM | B1: FORNECEDOR | C1: INSTRUTOR | D1: TREINAMENTO | E1: NOME | F1: CARGO | G1: TREINADO EM | H1: VALIDADE | I1: STATUS | J1: VENCE EM | K1: CARGA HORARIA | L1: CONDIÇÃO | M1: SITUAÇÃO
A2: EXTERNO | B2: PROJETECNO | C2: PAULO MACHADO | D2: NR 20 SEGURANÇA E SAUDE NO TRABALHO COM INFLAMAVEIS E COMBUSTIVEIS | E2: ANGELO ROSEMBERG BELLO TEIXEIRA | F2: =VLOOKUP(NR20.INFLAMAVEIS[[#This Row],[NOME]],'CADASTRO'!A:K,5,0) -> TECNICO ELETRONICO II | G2: 45621 | H2: 1095 | I2: =IF(NR20.INFLAMAVEIS[[#This Row],[SITUAÇÃO]]="ATIVO",IF(NR20.INFLAMAVEIS[[#This Row],[CONDIÇÃO]]="N.A.","N.A.", IF(NR20.INFLAMAVEIS[[#This Row],[CONDIÇÃO]]="REPROVADO","REPROVADO",IF(NR20.INFLAMAVEIS[[#This Row],[CONDIÇÃO]]="RECICLADO","HISTORICO", IF((G2+H2)>(TODAY()),"NO PRAZO", "VENCIDO")))),"N.A.") -> N.A. | J2: =NR20.INFLAMAVEIS[[#This Row],[TREINADO EM]]+NR20.INFLAMAVEIS[[#This Row],[VALIDADE]] -> 46716 | K2: 6 | L2: APROVADO | M2: =VLOOKUP(NR20.INFLAMAVEIS[[#This Row],[NOME]],'CADASTRO'!A:K,6,0) -> DESLIGADO
A3: EXTERNO | B3: PROJETECNO | C3: PAULO MACHADO | D3: NR 20 SEGURANÇA E SAUDE NO TRABALHO COM INFLAMAVEIS E COMBUSTIVEIS | E3: CAMILA ALVES DA SILVA | F3: =VLOOKUP(NR20.INFLAMAVEIS[[#This Row],[NOME]],'CADASTRO'!A:K,5,0) -> Almoxarife | G3: 45621 | H3: 1095 | I3: =IF(NR20.INFLAMAVEIS[[#This Row],[SITUAÇÃO]]="ATIVO",IF(NR20.INFLAMAVEIS[[#This Row],[CONDIÇÃO]]="N.A.","N.A.", IF(NR20.INFLAMAVEIS[[#This Row],[CONDIÇÃO]]="REPROVADO","REPROVADO",IF(NR20.INFLAMAVEIS[[#This Row],[CONDIÇÃO]]="RECICLADO","HISTORICO", IF((G3+H3)>(TODAY()),"NO PRAZO", "VENCIDO")))),"N.A.") -> NO PRAZO | J3: =NR20.INFLAMAVEIS[[#This Row],[TREINADO EM]]+NR20.INFLAMAVEIS[[#This Row],[VALIDADE]] -> 46716 | K3: 6 | L3: APROVADO | M3: =VLOOKUP(NR20.INFLAMAVEIS[[#This Row],[NOME]],'CADASTRO'!A:K,6,0) -> ATIVO
A4: EXTERNO | B4: PROJETECNO | C4: PAULO MACHADO | D4: NR 20 SEGURANÇA E SAUDE NO TRABALHO COM INFLAMAVEIS E COMBUSTIVEIS | E4: FABIO DE SOUZA COELHO | F4: =VLOOKUP(NR20.INFLAMAVEIS[[#This Row],[NOME]],'CADASTRO'!A:K,5,0) -> TECNICO ELETRONICO III | G4: 45621 | H4: 1095 | I4: =IF(NR20.INFLAMAVEIS[[#This Row],[SITUAÇÃO]]="ATIVO",IF(NR20.INFLAMAVEIS[[#This Row],[CONDIÇÃO]]="N.A.","N.A.", IF(NR20.INFLAMAVEIS[[#This Row],[CONDIÇÃO]]="REPROVADO","REPROVADO",IF(NR20.INFLAMAVEIS[[#This Row],[CONDIÇÃO]]="RECICLADO","HISTORICO", IF((G4+H4)>(TODAY()),"NO PRAZO", "VENCIDO")))),"N.A.") -> NO PRAZO | J4: =NR20.INFLAMAVEIS[[#This Row],[TREINADO EM]]+NR20.INFLAMAVEIS[[#This Row],[VALIDADE]] -> 46716 | K4: 6 | L4: APROVADO | M4: =VLOOKUP(NR20.INFLAMAVEIS[[#This Row],[NOME]],'CADASTRO'!A:K,6,0) -> ATIVO
A5: EXTERNO | B5: PROJETECNO | C5: PAULO MACHADO | D5: NR 20 SEGURANÇA E SAUDE NO TRABALHO COM INFLAMAVEIS E COMBUSTIVEIS | E5: JADER FERREIRA COSTA | F5: =VLOOKUP(NR20.INFLAMAVEIS[[#This Row],[NOME]],'CADASTRO'!A:K,5,0) -> TECNICO ELETRONICO II | G5: 45621 | H5: 1095 | I5: =IF(NR20.INFLAMAVEIS[[#This Row],[SITUAÇÃO]]="ATIVO",IF(NR20.INFLAMAVEIS[[#This Row],[CONDIÇÃO]]="N.A.","N.A.", IF(NR20.INFLAMAVEIS[[#This Row],[CONDIÇÃO]]="REPROVADO","REPROVADO",IF(NR20.INFLAMAVEIS[[#This Row],[CONDIÇÃO]]="RECICLADO","HISTORICO", IF((G5+H5)>(TODAY()),"NO PRAZO", "VENCIDO")))),"N.A.") -> NO PRAZO | J5: =NR20.INFLAMAVEIS[[#This Row],[TREINADO EM]]+NR20.INFLAMAVEIS[[#This Row],[VALIDADE]] -> 46716 | K5: 6 | L5: APROVADO | M5: =VLOOKUP(NR20.INFLAMAVEIS[[#This Row],[NOME]],'CADASTRO'!A:K,6,0) -> ATIVO
A6: EXTERNO | B6: PROJETECNO | C6: PAULO MACHADO | D6: NR 20 SEGURANÇA E SAUDE NO TRABALHO COM INFLAMAVEIS E COMBUSTIVEIS | E6: JOELMA APARECIDA INONE | F6: =VLOOKUP(NR20.INFLAMAVEIS[[#This Row],[NOME]],'CADASTRO'!A:K,5,0) -> Almoxarife | G6: 45621 | H6: 1095 | I6: =IF(NR20.INFLAMAVEIS[[#This Row],[SITUAÇÃO]]="ATIVO",IF(NR20.INFLAMAVEIS[[#This Row],[CONDIÇÃO]]="N.A.","N.A.", IF(NR20.INFLAMAVEIS[[#This Row],[CONDIÇÃO]]="REPROVADO","REPROVADO",IF(NR20.INFLAMAVEIS[[#This Row],[CONDIÇÃO]]="RECICLADO","HISTORICO", IF((G6+H6)>(TODAY()),"NO PRAZO", "VENCIDO")))),"N.A.") -> NO PRAZO | J6: =NR20.INFLAMAVEIS[[#This Row],[TREINADO EM]]+NR20.INFLAMAVEIS[[#This Row],[VALIDADE]] -> 46716 | K6: 6 | L6: APROVADO | M6: =VLOOKUP(NR20.INFLAMAVEIS[[#This Row],[NOME]],'CADASTRO'!A:K,6,0) -> ATIVO
A7: EXTERNO | B7: PROJETECNO | C7: PAULO MACHADO | D7: NR 20 SEGURANÇA E SAUDE NO TRABALHO COM INFLAMAVEIS E COMBUSTIVEIS | E7: LUCAS OBRIEN SILVA | F7: =VLOOKUP(NR20.INFLAMAVEIS[[#This Row],[NOME]],'CADASTRO'!A:K,5,0) -> TECNICO ELETRONICO II | G7: 45621 | H7: 1095 | I7: =IF(NR20.INFLAMAVEIS[[#This Row],[SITUAÇÃO]]="ATIVO",IF(NR20.INFLAMAVEIS[[#This Row],[CONDIÇÃO]]="N.A.","N.A.", IF(NR20.INFLAMAVEIS[[#This Row],[CONDIÇÃO]]="REPROVADO","REPROVADO",IF(NR20.INFLAMAVEIS[[#This Row],[CONDIÇÃO]]="RECICLADO","HISTORICO", IF((G7+H7)>(TODAY()),"NO PRAZO", "VENCIDO")))),"N.A.") -> N.A. | J7: =NR20.INFLAMAVEIS[[#This Row],[TREINADO EM]]+NR20.INFLAMAVEIS[[#This Row],[VALIDADE]] -> 46716 | K7: 6 | L7: APROVADO | M7: =VLOOKUP(NR20.INFLAMAVEIS[[#This Row],[NOME]],'CADASTRO'!A:K,6,0) -> DESLIGADO
A8: EXTERNO | B8: PROJETECNO | C8: PAULO MACHADO | D8: NR 20 SEGURANÇA E SAUDE NO TRABALHO COM INFLAMAVEIS E COMBUSTIVEIS | E8: RICARDO BAPTISTA NISHIDA | F8: =VLOOKUP(NR20.INFLAMAVEIS[[#This Row],[NOME]],'CADASTRO'!A:K,5,0) -> COORDENADOR PRODUCAO | G8: 45621 | H8: 1095 | I8: =IF(NR20.INFLAMAVEIS[[#This Row],[SITUAÇÃO]]="ATIVO",IF(NR20.INFLAMAVEIS[[#This Row],[CONDIÇÃO]]="N.A.","N.A.", IF(NR20.INFLAMAVEIS[[#This Row],[CONDIÇÃO]]="REPROVADO","REPROVADO",IF(NR20.INFLAMAVEIS[[#This Row],[CONDIÇÃO]]="RECICLADO","HISTORICO", IF((G8+H8)>(TODAY()),"NO PRAZO", "VENCIDO")))),"N.A.") -> N.A. | J8: =NR20.INFLAMAVEIS[[#This Row],[TREINADO EM]]+NR20.INFLAMAVEIS[[#This Row],[VALIDADE]] -> 46716 | K8: 6 | L8: APROVADO | M8: =VLOOKUP(NR20.INFLAMAVEIS[[#This Row],[NOME]],'CADASTRO'!A:K,6,0) -> TRANSFERIDO
A9: EXTERNO | B9: PROJETECNO | C9: PAULO MACHADO | D9: NR 20 SEGURANÇA E SAUDE NO TRABALHO COM INFLAMAVEIS E COMBUSTIVEIS | E9: SEBASTIAO BERNADINO MACEDO FILHO | F9: =VLOOKUP(NR20.INFLAMAVEIS[[#This Row],[NOME]],'CADASTRO'!A:K,5,0) -> TECNICO ELETRONICO II | G9: 45621 | H9: 1095 | I9: =IF(NR20.INFLAMAVEIS[[#This Row],[SITUAÇÃO]]="ATIVO",IF(NR20.INFLAMAVEIS[[#This Row],[CONDIÇÃO]]="N.A.","N.A.", IF(NR20.INFLAMAVEIS[[#This Row],[CONDIÇÃO]]="REPROVADO","REPROVADO",IF(NR20.INFLAMAVEIS[[#This Row],[CONDIÇÃO]]="RECICLADO","HISTORICO", IF((G9+H9)>(TODAY()),"NO PRAZO", "VENCIDO")))),"N.A.") -> NO PRAZO | J9: =NR20.INFLAMAVEIS[[#This Row],[TREINADO EM]]+NR20.INFLAMAVEIS[[#This Row],[VALIDADE]] -> 46716 | K9: 6 | L9: APROVADO | M9: =VLOOKUP(NR20.INFLAMAVEIS[[#This Row],[NOME]],'CADASTRO'!A:K,6,0) -> ATIVO
A10: EXTERNO | B10: PROJETECNO | C10: PAULO MACHADO | D10: NR 20 SEGURANÇA E SAUDE NO TRABALHO COM INFLAMAVEIS E COMBUSTIVEIS | E10: WALLACE JOSE SILVA PEREIRA | F10: =VLOOKUP(NR20.INFLAMAVEIS[[#This Row],[NOME]],'CADASTRO'!A:K,5,0) -> TECNICO ELETRONICO II | G10: 45621 | H10: 1095 | I10: =IF(NR20.INFLAMAVEIS[[#This Row],[SITUAÇÃO]]="ATIVO",IF(NR20.INFLAMAVEIS[[#This Row],[CONDIÇÃO]]="N.A.","N.A.", IF(NR20.INFLAMAVEIS[[#This Row],[CONDIÇÃO]]="REPROVADO","REPROVADO",IF(NR20.INFLAMAVEIS[[#This Row],[CONDIÇÃO]]="RECICLADO","HISTORICO", IF((G10+H10)>(TODAY()),"NO PRAZO", "VENCIDO")))),"N.A.") -> NO PRAZO | J10: =NR20.INFLAMAVEIS[[#This Row],[TREINADO EM]]+NR20.INFLAMAVEIS[[#This Row],[VALIDADE]] -> 46716 | K10: 6 | L10: APROVADO | M10: =VLOOKUP(NR20.INFLAMAVEIS[[#This Row],[NOME]],'CADASTRO'!A:K,6,0) -> ATIVO
A11: EXTERNO | B11: PROJETECNO | C11: PAULO MACHADO | D11: NR 20 SEGURANÇA E SAUDE NO TRABALHO COM INFLAMAVEIS E COMBUSTIVEIS | E11: HENRIQUE GABRIEL GUEDES LIMA | F11: =VLOOKUP(NR20.INFLAMAVEIS[[#This Row],[NOME]],'CADASTRO'!A:K,5,0) -> Almoxarife | G11: 45621 | H11: 1095 | I11: =IF(NR20.INFLAMAVEIS[[#This Row],[SITUAÇÃO]]="ATIVO",IF(NR20.INFLAMAVEIS[[#This Row],[CONDIÇÃO]]="N.A.","N.A.", IF(NR20.INFLAMAVEIS[[#This Row],[CONDIÇÃO]]="REPROVADO","REPROVADO",IF(NR20.INFLAMAVEIS[[#This Row],[CONDIÇÃO]]="RECICLADO","HISTORICO", IF((G11+H11)>(TODAY()),"NO PRAZO", "VENCIDO")))),"N.A.") -> N.A. | J11: =NR20.INFLAMAVEIS[[#This Row],[TREINADO EM]]+NR20.INFLAMAVEIS[[#This Row],[VALIDADE]] -> 46716 | K11: 6 | L11: APROVADO | M11: =VLOOKUP(NR20.INFLAMAVEIS[[#This Row],[NOME]],'CADASTRO'!A:K,6,0) -> DESLIGADO
A12: EXTERNO | B12: PROJETECNO | C12: PAULO MACHADO | D12: NR 20 SEGURANÇA E SAUDE NO TRABALHO COM INFLAMAVEIS E COMBUSTIVEIS | E12: GUILHERME DOS REIS OLIVEIRA | F12: =VLOOKUP(NR20.INFLAMAVEIS[[#This Row],[NOME]],'CADASTRO'!A:K,5,0) -> TECNICO SEGURANCA TRABALHO | G12: 45621 | H12: 1095 | I12: =IF(NR20.INFLAMAVEIS[[#This Row],[SITUAÇÃO]]="ATIVO",IF(NR20.INFLAMAVEIS[[#This Row],[CONDIÇÃO]]="N.A.","N.A.", IF(NR20.INFLAMAVEIS[[#This Row],[CONDIÇÃO]]="REPROVADO","REPROVADO",IF(NR20.INFLAMAVEIS[[#This Row],[CONDIÇÃO]]="RECICLADO","HISTORICO", IF((G12+H12)>(TODAY()),"NO PRAZO", "VENCIDO")))),"N.A.") -> NO PRAZO | J12: =NR20.INFLAMAVEIS[[#This Row],[TREINADO EM]]+NR20.INFLAMAVEIS[[#This Row],[VALIDADE]] -> 46716 | K12: 6 | L12: APROVADO | M12: =VLOOKUP(NR20.INFLAMAVEIS[[#This Row],[NOME]],'CADASTRO'!A:K,6,0) -> ATIVO
A13: EXTERNO | B13: PROJETECNO | C13: PAULO MACHADO | D13: NR 20 SEGURANÇA E SAUDE NO TRABALHO COM INFLAMAVEIS E COMBUSTIVEIS | E13: IGOR SANTOS SOUSA | F13: =VLOOKUP(NR20.INFLAMAVEIS[[#This Row],[NOME]],'CADASTRO'!A:K,5,0) -> TECNICO AUTOMACAO | G13: 45621 | H13: 1095 | I13: =IF(NR20.INFLAMAVEIS[[#This Row],[SITUAÇÃO]]="ATIVO",IF(NR20.INFLAMAVEIS[[#This Row],[CONDIÇÃO]]="N.A.","N.A.", IF(NR20.INFLAMAVEIS[[#This Row],[CONDIÇÃO]]="REPROVADO","REPROVADO",IF(NR20.INFLAMAVEIS[[#This Row],[CONDIÇÃO]]="RECICLADO","HISTORICO", IF((G13+H13)>(TODAY()),"NO PRAZO", "VENCIDO")))),"N.A.") -> NO PRAZO | J13: =NR20.INFLAMAVEIS[[#This Row],[TREINADO EM]]+NR20.INFLAMAVEIS[[#This Row],[VALIDADE]] -> 46716 | K13: 6 | L13: APROVADO | M13: =VLOOKUP(NR20.INFLAMAVEIS[[#This Row],[NOME]],'CADASTRO'!A:K,6,0) -> ATIVO
... A16: EXTERNO | B16: PROJETECNO | C16: PAULO MACHADO | D16: NR 20 SEGURANÇA E SAUDE NO TRABALHO COM INFLAMAVEIS E COMBUSTIVEIS | E16: ANDERSON APARECIDO DO AMARAL | F16: =VLOOKUP(NR20.INFLAMAVEIS[[#This Row],[NOME]],'CADASTRO'!A:K,5,0) -> TECNICO ELETRONICO II | G16: 46303 | H16: 1095 | I16: =IF(NR20.INFLAMAVEIS[[#This Row],[SITUAÇÃO]]="ATIVO",IF(NR20.INFLAMAVEIS[[#This Row],[CONDIÇÃO]]="N.A.","N.A.", IF(NR20.INFLAMAVEIS[[#This Row],[CONDIÇÃO]]="REPROVADO","REPROVADO",IF(NR20.INFLAMAVEIS[[#This Row],[CONDIÇÃO]]="RECICLADO","HISTORICO", IF((G16+H16)>(TODAY()),"NO PRAZO", "VENCIDO")))),"N.A.") -> NO PRAZO | J16: =NR20.INFLAMAVEIS[[#This Row],[TREINADO EM]]+NR20.INFLAMAVEIS[[#This Row],[VALIDADE]] -> 47398 | K16: 6 | L16: APROVADO | M16: =VLOOKUP(NR20.INFLAMAVEIS[[#This Row],[NOME]],'CADASTRO'!A:K,6,0) -> ATIVO

Sheet NR23 BRIGADA
A1: ORIGEM | B1: FORNECEDOR | C1: INSTRUTOR | D1: TREINAMENTO | E1: NOME | F1: CARGO | G1: TREINADO EM | H1: VALIDADE | I1: STATUS | J1: VENCE EM | K1: CARGA HORARIA | L1: CONDIÇÃO | M1: SITUAÇÃO
A2: EXTERNO | B2: CORPO DE BOMBEIROS MG | C2: SGT DURAES | D2: NR 23 - BRIGADA DE EMERGENCIA | E2: ALCIMAR DOS SANTOS FARIA | F2: =VLOOKUP(BRIGADA[[#This Row],[NOME]],'CADASTRO'!A:K,5,0) -> TECNICO ELETRONICO I | G2: 44342 | H2: 730 | I2: =IF(BRIGADA[[#This Row],[SITUAÇÃO]]="ATIVO",IF(BRIGADA[[#This Row],[CONDIÇÃO]]="N.A.","N.A.", IF(BRIGADA[[#This Row],[CONDIÇÃO]]="REPROVADO","REPROVADO",IF(BRIGADA[[#This Row],[CONDIÇÃO]]="RECICLADO","HISTORICO", IF((G2+H2)>(TODAY()),"NO PRAZO", "VENCIDO")))),"N.A.") -> N.A. | J2: =BRIGADA[[#This Row],[TREINADO EM]]+BRIGADA[[#This Row],[VALIDADE]] -> 45072 | K2: 8 | L2: N.A. | M2: =VLOOKUP(BRIGADA[[#This Row],[NOME]],'CADASTRO'!A:K,6,0) -> DESLIGADO
A3: EXTERNO | B3: PREVINSA | C3: EDUARDO BOTELHO | D3: NR 23 - BRIGADA DE EMERGENCIA | E3: ALEX SANDRO ALVES TEIXEIRA | F3: =VLOOKUP(BRIGADA[[#This Row],[NOME]],'CADASTRO'!A:K,5,0) -> OPERADOR INDUSTRIAL II | G3: 45107 | H3: 730 | I3: =IF(BRIGADA[[#This Row],[SITUAÇÃO]]="ATIVO",IF(BRIGADA[[#This Row],[CONDIÇÃO]]="N.A.","N.A.", IF(BRIGADA[[#This Row],[CONDIÇÃO]]="REPROVADO","REPROVADO",IF(BRIGADA[[#This Row],[CONDIÇÃO]]="RECICLADO","HISTORICO", IF((G3+H3)>(TODAY()),"NO PRAZO", "VENCIDO")))),"N.A.") -> HISTORICO | J3: =BRIGADA[[#This Row],[TREINADO EM]]+BRIGADA[[#This Row],[VALIDADE]] -> 45837 | K3: 16 | L3: RECICLADO | M3: =VLOOKUP(BRIGADA[[#This Row],[NOME]],'CADASTRO'!A:K,6,0) -> ATIVO
A4: EXTERNO | B4: PREVINSA | C4: EDUARDO BOTELHO | D4: NR 23 - BRIGADA DE EMERGENCIA | E4: ALEX SANDRO ALVES TEIXEIRA | F4: =VLOOKUP(BRIGADA[[#This Row],[NOME]],'CADASTRO'!A:K,5,0) -> OPERADOR INDUSTRIAL II | G4: 45472 | H4: 730 | I4: =IF(BRIGADA[[#This Row],[SITUAÇÃO]]="ATIVO",IF(BRIGADA[[#This Row],[CONDIÇÃO]]="N.A.","N.A.", IF(BRIGADA[[#This Row],[CONDIÇÃO]]="REPROVADO","REPROVADO",IF(BRIGADA[[#This Row],[CONDIÇÃO]]="RECICLADO","HISTORICO", IF((G4+H4)>(TODAY()),"NO PRAZO", "VENCIDO")))),"N.A.") -> HISTORICO | J4: =BRIGADA[[#This Row],[TREINADO EM]]+BRIGADA[[#This Row],[VALIDADE]] -> 46202 | K4: 16 | L4: RECICLADO | M4: =VLOOKUP(BRIGADA[[#This Row],[NOME]],'CADASTRO'!A:K,6,0) -> ATIVO
A5: EXTERNO | B5: PREVINSA | C5: FELICIO MATOS | D5: NR 23 - BRIGADA DE EMERGENCIA | E5: ALEX SANDRO ALVES TEIXEIRA | F5: =VLOOKUP(BRIGADA[[#This Row],[NOME]],'CADASTRO'!A:K,5,0) -> OPERADOR INDUSTRIAL II | G5: 45898 | H5: 730 | I5: =IF(BRIGADA[[#This Row],[SITUAÇÃO]]="ATIVO",IF(BRIGADA[[#This Row],[CONDIÇÃO]]="N.A.","N.A.", IF(BRIGADA[[#This Row],[CONDIÇÃO]]="REPROVADO","REPROVADO",IF(BRIGADA[[#This Row],[CONDIÇÃO]]="RECICLADO","HISTORICO", IF((G5+H5)>(TODAY()),"NO PRAZO", "VENCIDO")))),"N.A.") -> HISTORICO | J5: =BRIGADA[[#This Row],[TREINADO EM]]+BRIGADA[[#This Row],[VALIDADE]] -> 46628 | K5: 16 | L5: RECICLADO | M5: =VLOOKUP(BRIGADA[[#This Row],[NOME]],'CADASTRO'!A:K,6,0) -> ATIVO
A6: EXTERNO | B6: PREVINSA | C6: FELICIO MATOS | D6: NR 23 - BRIGADA DE EMERGENCIA | E6: ALEX SANDRO ALVES TEIXEIRA | F6: =VLOOKUP(BRIGADA[[#This Row],[NOME]],'CADASTRO'!A:K,5,0) -> OPERADOR INDUSTRIAL II | G6: 46263 | H6: 730 | I6: =IF(BRIGADA[[#This Row],[SITUAÇÃO]]="ATIVO",IF(BRIGADA[[#This Row],[CONDIÇÃO]]="N.A.","N.A.", IF(BRIGADA[[#This Row],[CONDIÇÃO]]="REPROVADO","REPROVADO",IF(BRIGADA[[#This Row],[CONDIÇÃO]]="RECICLADO","HISTORICO", IF((G6+H6)>(TODAY()),"NO PRAZO", "VENCIDO")))),"N.A.") -> NO PRAZO | J6: =BRIGADA[[#This Row],[TREINADO EM]]+BRIGADA[[#This Row],[VALIDADE]] -> 46993 | K6: 16 | L6: APROVADO | M6: =VLOOKUP(BRIGADA[[#This Row],[NOME]],'CADASTRO'!A:K,6,0) -> ATIVO
A7: EXTERNO | B7: PREVINSA | C7: EDUARDO BOTELHO | D7: NR 23 - BRIGADA DE EMERGENCIA | E7: ALEX WILSON JOSE BERNARDES | F7: =VLOOKUP(BRIGADA[[#This Row],[NOME]],'CADASTRO'!A:K,5,0) -> OPERADOR LOGISTICO I | G7: 45472 | H7: 730 | I7: =IF(BRIGADA[[#This Row],[SITUAÇÃO]]="ATIVO",IF(BRIGADA[[#This Row],[CONDIÇÃO]]="N.A.","N.A.", IF(BRIGADA[[#This Row],[CONDIÇÃO]]="REPROVADO","REPROVADO",IF(BRIGADA[[#This Row],[CONDIÇÃO]]="RECICLADO","HISTORICO", IF((G7+H7)>(TODAY()),"NO PRAZO", "VENCIDO")))),"N.A.") -> N.A. | J7: =BRIGADA[[#This Row],[TREINADO EM]]+BRIGADA[[#This Row],[VALIDADE]] -> 46202 | K7: 16 | L7: RECICLADO | M7: =VLOOKUP(BRIGADA[[#This Row],[NOME]],'CADASTRO'!A:K,6,0) -> DESLIGADO
A8: EXTERNO | B8: PREVINSA | C8: FELICIO MATOS | D8: NR 23 - BRIGADA DE EMERGENCIA | E8: ALEX WILSON JOSE BERNARDES | F8: =VLOOKUP(BRIGADA[[#This Row],[NOME]],'CADASTRO'!A:K,5,0) -> OPERADOR LOGISTICO I | G8: 45898 | H8: 730 | I8: =IF(BRIGADA[[#This Row],[SITUAÇÃO]]="ATIVO",IF(BRIGADA[[#This Row],[CONDIÇÃO]]="N.A.","N.A.", IF(BRIGADA[[#This Row],[CONDIÇÃO]]="REPROVADO","REPROVADO",IF(BRIGADA[[#This Row],[CONDIÇÃO]]="RECICLADO","HISTORICO", IF((G8+H8)>(TODAY()),"NO PRAZO", "VENCIDO")))),"N.A.") -> N.A. | J8: =BRIGADA[[#This Row],[TREINADO EM]]+BRIGADA[[#This Row],[VALIDADE]] -> 46628 | K8: 16 | L8: APROVADO | M8: =VLOOKUP(BRIGADA[[#This Row],[NOME]],'CADASTRO'!A:K,6,0) -> DESLIGADO
A9: EXTERNO | B9: PREVINSA | C9: EDUARDO BOTELHO | D9: NR 23 - BRIGADA DE EMERGENCIA | E9: ALEXANDRE BATISTA DE OLIVEIRA | F9: =VLOOKUP(BRIGADA[[#This Row],[NOME]],'CADASTRO'!A:K,5,0) -> TECNICO MECANICO III | G9: 45472 | H9: 730 | I9: =IF(BRIGADA[[#This Row],[SITUAÇÃO]]="ATIVO",IF(BRIGADA[[#This Row],[CONDIÇÃO]]="N.A.","N.A.", IF(BRIGADA[[#This Row],[CONDIÇÃO]]="REPROVADO","REPROVADO",IF(BRIGADA[[#This Row],[CONDIÇÃO]]="RECICLADO","HISTORICO", IF((G9+H9)>(TODAY()),"NO PRAZO", "VENCIDO")))),"N.A.") -> HISTORICO | J9: =BRIGADA[[#This Row],[TREINADO EM]]+BRIGADA[[#This Row],[VALIDADE]] -> 46202 | K9: 16 | L9: RECICLADO | M9: =VLOOKUP(BRIGADA[[#This Row],[NOME]],'CADASTRO'!A:K,6,0) -> ATIVO
A10: EXTERNO | B10: PREVINSA | C10: EDUARDO BOTELHO | D10: NR 23 - BRIGADA DE EMERGENCIA | E10: ALEXANDRE DE ASSIS DA COSTA | F10: =VLOOKUP(BRIGADA[[#This Row],[NOME]],'CADASTRO'!A:K,5,0) -> TECNICO MECANICO II | G10: 45107 | H10: 730 | I10: =IF(BRIGADA[[#This Row],[SITUAÇÃO]]="ATIVO",IF(BRIGADA[[#This Row],[CONDIÇÃO]]="N.A.","N.A.", IF(BRIGADA[[#This Row],[CONDIÇÃO]]="REPROVADO","REPROVADO",IF(BRIGADA[[#This Row],[CONDIÇÃO]]="RECICLADO","HISTORICO", IF((G10+H10)>(TODAY()),"NO PRAZO", "VENCIDO")))),"N.A.") -> HISTORICO | J10: =BRIGADA[[#This Row],[TREINADO EM]]+BRIGADA[[#This Row],[VALIDADE]] -> 45837 | K10: 16 | L10: RECICLADO | M10: =VLOOKUP(BRIGADA[[#This Row],[NOME]],'CADASTRO'!A:K,6,0) -> ATIVO
A11: EXTERNO | B11: PREVINSA | C11: EDUARDO BOTELHO | D11: NR 23 - BRIGADA DE EMERGENCIA | E11: ALEXANDRE DE ASSIS DA COSTA | F11: =VLOOKUP(BRIGADA[[#This Row],[NOME]],'CADASTRO'!A:K,5,0) -> TECNICO MECANICO II | G11: 45472 | H11: 730 | I11: =IF(BRIGADA[[#This Row],[SITUAÇÃO]]="ATIVO",IF(BRIGADA[[#This Row],[CONDIÇÃO]]="N.A.","N.A.", IF(BRIGADA[[#This Row],[CONDIÇÃO]]="REPROVADO","REPROVADO",IF(BRIGADA[[#This Row],[CONDIÇÃO]]="RECICLADO","HISTORICO", IF((G11+H11)>(TODAY()),"NO PRAZO", "VENCIDO")))),"N.A.") -> HISTORICO | J11: =BRIGADA[[#This Row],[TREINADO EM]]+BRIGADA[[#This Row],[VALIDADE]] -> 46202 | K11: 16 | L11: RECICLADO | M11: =VLOOKUP(BRIGADA[[#This Row],[NOME]],'CADASTRO'!A:K,6,0) -> ATIVO
A12: EXTERNO | B12: PREVINSA | C12: FELICIO MATOS | D12: NR 23 - BRIGADA DE EMERGENCIA | E12: ALEXANDRE DE ASSIS DA COSTA | F12: =VLOOKUP(BRIGADA[[#This Row],[NOME]],'CADASTRO'!A:K,5,0) -> TECNICO MECANICO II | G12: 45898 | H12: 730 | I12: =IF(BRIGADA[[#This Row],[SITUAÇÃO]]="ATIVO",IF(BRIGADA[[#This Row],[CONDIÇÃO]]="N.A.","N.A.", IF(BRIGADA[[#This Row],[CONDIÇÃO]]="REPROVADO","REPROVADO",IF(BRIGADA[[#This Row],[CONDIÇÃO]]="RECICLADO","HISTORICO", IF((G12+H12)>(TODAY()),"NO PRAZO", "VENCIDO")))),"N.A.") -> HISTORICO | J12: =BRIGADA[[#This Row],[TREINADO EM]]+BRIGADA[[#This Row],[VALIDADE]] -> 46628 | K12: 16 | L12: RECICLADO | M12: =VLOOKUP(BRIGADA[[#This Row],[NOME]],'CADASTRO'!A:K,6,0) -> ATIVO
A13: EXTERNO | B13: PREVINSA | C13: FELICIO MATOS | D13: NR 23 - BRIGADA DE EMERGENCIA | E13: ALEXANDRE DE ASSIS DA COSTA | F13: =VLOOKUP(BRIGADA[[#This Row],[NOME]],'CADASTRO'!A:K,5,0) -> TECNICO MECANICO II | G13: 46263 | H13: 730 | I13: =IF(BRIGADA[[#This Row],[SITUAÇÃO]]="ATIVO",IF(BRIGADA[[#This Row],[CONDIÇÃO]]="N.A.","N.A.", IF(BRIGADA[[#This Row],[CONDIÇÃO]]="REPROVADO","REPROVADO",IF(BRIGADA[[#This Row],[CONDIÇÃO]]="RECICLADO","HISTORICO", IF((G13+H13)>(TODAY()),"NO PRAZO", "VENCIDO")))),"N.A.") -> NO PRAZO | J13: =BRIGADA[[#This Row],[TREINADO EM]]+BRIGADA[[#This Row],[VALIDADE]] -> 46993 | K13: 16 | L13: APROVADO | M13: =VLOOKUP(BRIGADA[[#This Row],[NOME]],'CADASTRO'!A:K,6,0) -> ATIVO
... A301: EXTERNO | B301: PREVINSA | C301: FELICIO MATOS | D301: NR 23 - BRIGADA DE EMERGENCIA | E301: WILGNER REBERTO TAYLON DA SILVA | F301: =VLOOKUP(BRIGADA[[#This Row],[NOME]],'CADASTRO'!A:K,5,0) -> #N/A | G301: 46263 | H301: 730 | I301: =IF(BRIGADA[[#This Row],[SITUAÇÃO]]="ATIVO",IF(BRIGADA[[#This Row],[CONDIÇÃO]]="N.A.","N.A.", IF(BRIGADA[[#This Row],[CONDIÇÃO]]="REPROVADO","REPROVADO",IF(BRIGADA[[#This Row],[CONDIÇÃO]]="RECICLADO","HISTORICO", IF((G301+H301)>(TODAY()),"NO PRAZO", "VENCIDO")))),"N.A.") -> #N/A | J301: =BRIGADA[[#This Row],[TREINADO EM]]+BRIGADA[[#This Row],[VALIDADE]] -> 46993 | K301: 16 | L301: APROVADO | M301: =VLOOKUP(BRIGADA[[#This Row],[NOME]],'CADASTRO'!A:K,6,0) -> #N/A

Sheet NR33 EXECUT
A1: ORIGEM | B1: FORNECEDOR | C1: INSTRUTOR | D1: TREINAMENTO | E1: NOME | F1: CARGO | G1: TREINADO EM | H1: VALIDADE | I1: STATUS | J1: VENCE EM | K1: CARGA HORARIA | L1: CONDIÇÃO | M1: SITUAÇÃO
A2: EXTERNO | B2: EXXCELENCIA | C2: VINICIUS FERREIRA | D2: NR 33 - ESPAÇO CONFINADO - EXECUTANTE/VIGIA | E2: ALEX BARBARA | F2: =VLOOKUP(NR33.EXECUTANTE[[#This Row],[NOME]],'CADASTRO'!A:K,5,0) -> TECNICO MECANICO II | G2: 43403 | H2: 365 | I2: =IF(NR33.EXECUTANTE[[#This Row],[SITUAÇÃO]]="ATIVO",IF(NR33.EXECUTANTE[[#This Row],[CONDIÇÃO]]="N.A.","N.A.", IF(NR33.EXECUTANTE[[#This Row],[CONDIÇÃO]]="REPROVADO","REPROVADO",IF(NR33.EXECUTANTE[[#This Row],[CONDIÇÃO]]="RECICLADO","HISTORICO", IF((G2+H2)>(TODAY()),"NO PRAZO", "VENCIDO")))),"N.A.") -> HISTORICO | J2: =NR33.EXECUTANTE[[#This Row],[TREINADO EM]]+NR33.EXECUTANTE[[#This Row],[VALIDADE]] -> 43768 | K2: 8 | L2: RECICLADO | M2: =VLOOKUP(NR33.EXECUTANTE[[#This Row],[NOME]],'CADASTRO'!A:K,6,0) -> ATIVO
A3: EXTERNO | B3: MERITUS | C3: FELICIO MATOS | D3: NR 33 - ESPAÇO CONFINADO - EXECUTANTE/VIGIA | E3: ALEX SANDRO ALVES TEIXEIRA | F3: =VLOOKUP(NR33.EXECUTANTE[[#This Row],[NOME]],'CADASTRO'!A:K,5,0) -> OPERADOR INDUSTRIAL II | G3: 45439 | H3: 365 | I3: =IF(NR33.EXECUTANTE[[#This Row],[SITUAÇÃO]]="ATIVO",IF(NR33.EXECUTANTE[[#This Row],[CONDIÇÃO]]="N.A.","N.A.", IF(NR33.EXECUTANTE[[#This Row],[CONDIÇÃO]]="REPROVADO","REPROVADO",IF(NR33.EXECUTANTE[[#This Row],[CONDIÇÃO]]="RECICLADO","HISTORICO", IF((G3+H3)>(TODAY()),"NO PRAZO", "VENCIDO")))),"N.A.") -> HISTORICO | J3: =NR33.EXECUTANTE[[#This Row],[TREINADO EM]]+NR33.EXECUTANTE[[#This Row],[VALIDADE]] -> 45804 | K3: 8 | L3: RECICLADO | M3: =VLOOKUP(NR33.EXECUTANTE[[#This Row],[NOME]],'CADASTRO'!A:K,6,0) -> ATIVO
A4: EXTERNO | B4: MERITUS | C4: FELICIO MATOS | D4: NR 33 - ESPAÇO CONFINADO - EXECUTANTE/VIGIA | E4: CALUAN DE JESUS SANTOS GUIMARAES | F4: =VLOOKUP(NR33.EXECUTANTE[[#This Row],[NOME]],'CADASTRO'!A:K,5,0) -> TECNICO MECANICO II | G4: 45506 | H4: 365 | I4: =IF(NR33.EXECUTANTE[[#This Row],[SITUAÇÃO]]="ATIVO",IF(NR33.EXECUTANTE[[#This Row],[CONDIÇÃO]]="N.A.","N.A.", IF(NR33.EXECUTANTE[[#This Row],[CONDIÇÃO]]="REPROVADO","REPROVADO",IF(NR33.EXECUTANTE[[#This Row],[CONDIÇÃO]]="RECICLADO","HISTORICO", IF((G4+H4)>(TODAY()),"NO PRAZO", "VENCIDO")))),"N.A.") -> N.A. | J4: =NR33.EXECUTANTE[[#This Row],[TREINADO EM]]+NR33.EXECUTANTE[[#This Row],[VALIDADE]] -> 45871 | K4: 8 | L4: RECICLADO | M4: =VLOOKUP(NR33.EXECUTANTE[[#This Row],[NOME]],'CADASTRO'!A:K,6,0) -> TRANSFERIDO
A5: EXTERNO | B5: EXXCELENCIA | C5: VINICIUS FERREIRA | D5: NR 33 - ESPAÇO CONFINADO - EXECUTANTE/VIGIA | E5: ALEXANDRE DE ASSIS DA COSTA | F5: =VLOOKUP(NR33.EXECUTANTE[[#This Row],[NOME]],'CADASTRO'!A:K,5,0) -> TECNICO MECANICO II | G5: 44537 | H5: 365 | I5: =IF(NR33.EXECUTANTE[[#This Row],[SITUAÇÃO]]="ATIVO",IF(NR33.EXECUTANTE[[#This Row],[CONDIÇÃO]]="N.A.","N.A.", IF(NR33.EXECUTANTE[[#This Row],[CONDIÇÃO]]="REPROVADO","REPROVADO",IF(NR33.EXECUTANTE[[#This Row],[CONDIÇÃO]]="RECICLADO","HISTORICO", IF((G5+H5)>(TODAY()),"NO PRAZO", "VENCIDO")))),"N.A.") -> HISTORICO | J5: =NR33.EXECUTANTE[[#This Row],[TREINADO EM]]+NR33.EXECUTANTE[[#This Row],[VALIDADE]] -> 44902 | K5: 16 | L5: RECICLADO | M5: =VLOOKUP(NR33.EXECUTANTE[[#This Row],[NOME]],'CADASTRO'!A:K,6,0) -> ATIVO
A6: EXTERNO | B6: EXXCELENCIA | C6: DEYVID FRANKLIN | D6: NR 33 - ESPAÇO CONFINADO - EXECUTANTE/VIGIA | E6: ALEXANDRE DE ASSIS DA COSTA | F6: =VLOOKUP(NR33.EXECUTANTE[[#This Row],[NOME]],'CADASTRO'!A:K,5,0) -> TECNICO MECANICO II | G6: 44901 | H6: 365 | I6: =IF(NR33.EXECUTANTE[[#This Row],[SITUAÇÃO]]="ATIVO",IF(NR33.EXECUTANTE[[#This Row],[CONDIÇÃO]]="N.A.","N.A.", IF(NR33.EXECUTANTE[[#This Row],[CONDIÇÃO]]="REPROVADO","REPROVADO",IF(NR33.EXECUTANTE[[#This Row],[CONDIÇÃO]]="RECICLADO","HISTORICO", IF((G6+H6)>(TODAY()),"NO PRAZO", "VENCIDO")))),"N.A.") -> HISTORICO | J6: =NR33.EXECUTANTE[[#This Row],[TREINADO EM]]+NR33.EXECUTANTE[[#This Row],[VALIDADE]] -> 45266 | K6: 8 | L6: RECICLADO | M6: =VLOOKUP(NR33.EXECUTANTE[[#This Row],[NOME]],'CADASTRO'!A:K,6,0) -> ATIVO
A7: EXTERNO | B7: EXXCELENCIA | C7: VINICIUS FERREIRA | D7: NR 33 - ESPAÇO CONFINADO - EXECUTANTE/VIGIA | E7: ARTHUR FIGUEIREDO DA SILVA | F7: =VLOOKUP(NR33.EXECUTANTE[[#This Row],[NOME]],'CADASTRO'!A:K,5,0) -> TECNICO MECANICO II | G7: 44537 | H7: 365 | I7: =IF(NR33.EXECUTANTE[[#This Row],[SITUAÇÃO]]="ATIVO",IF(NR33.EXECUTANTE[[#This Row],[CONDIÇÃO]]="N.A.","N.A.", IF(NR33.EXECUTANTE[[#This Row],[CONDIÇÃO]]="REPROVADO","REPROVADO",IF(NR33.EXECUTANTE[[#This Row],[CONDIÇÃO]]="RECICLADO","HISTORICO", IF((G7+H7)>(TODAY()),"NO PRAZO", "VENCIDO")))),"N.A.") -> HISTORICO | J7: =NR33.EXECUTANTE[[#This Row],[TREINADO EM]]+NR33.EXECUTANTE[[#This Row],[VALIDADE]] -> 44902 | K7: 16 | L7: RECICLADO | M7: =VLOOKUP(NR33.EXECUTANTE[[#This Row],[NOME]],'CADASTRO'!A:K,6,0) -> ATIVO
A8: EXTERNO | B8: EXXCELENCIA | C8: DEYVID FRANKLIN | D8: NR 33 - ESPAÇO CONFINADO - EXECUTANTE/VIGIA | E8: ARTHUR FIGUEIREDO DA SILVA | F8: =VLOOKUP(NR33.EXECUTANTE[[#This Row],[NOME]],'CADASTRO'!A:K,5,0) -> TECNICO MECANICO II | G8: 44901 | H8: 365 | I8: =IF(NR33.EXECUTANTE[[#This Row],[SITUAÇÃO]]="ATIVO",IF(NR33.EXECUTANTE[[#This Row],[CONDIÇÃO]]="N.A.","N.A.", IF(NR33.EXECUTANTE[[#This Row],[CONDIÇÃO]]="REPROVADO","REPROVADO",IF(NR33.EXECUTANTE[[#This Row],[CONDIÇÃO]]="RECICLADO","HISTORICO", IF((G8+H8)>(TODAY()),"NO PRAZO", "VENCIDO")))),"N.A.") -> HISTORICO | J8: =NR33.EXECUTANTE[[#This Row],[TREINADO EM]]+NR33.EXECUTANTE[[#This Row],[VALIDADE]] -> 45266 | K8: 8 | L8: RECICLADO | M8: =VLOOKUP(NR33.EXECUTANTE[[#This Row],[NOME]],'CADASTRO'!A:K,6,0) -> ATIVO
A9: EXTERNO | B9: EXXCELENCIA | C9: DEYVID FRANKLIN | D9: NR 33 - ESPAÇO CONFINADO - EXECUTANTE/VIGIA | E9: ARTHUR FIGUEIREDO DA SILVA | F9: =VLOOKUP(NR33.EXECUTANTE[[#This Row],[NOME]],'CADASTRO'!A:K,5,0) -> TECNICO MECANICO II | G9: 45278 | H9: 365 | I9: =IF(NR33.EXECUTANTE[[#This Row],[SITUAÇÃO]]="ATIVO",IF(NR33.EXECUTANTE[[#This Row],[CONDIÇÃO]]="N.A.","N.A.", IF(NR33.EXECUTANTE[[#This Row],[CONDIÇÃO]]="REPROVADO","REPROVADO",IF(NR33.EXECUTANTE[[#This Row],[CONDIÇÃO]]="RECICLADO","HISTORICO", IF((G9+H9)>(TODAY()),"NO PRAZO", "VENCIDO")))),"N.A.") -> HISTORICO | J9: =NR33.EXECUTANTE[[#This Row],[TREINADO EM]]+NR33.EXECUTANTE[[#This Row],[VALIDADE]] -> 45643 | K9: 8 | L9: RECICLADO | M9: =VLOOKUP(NR33.EXECUTANTE[[#This Row],[NOME]],'CADASTRO'!A:K,6,0) -> ATIVO
A10: EXTERNO | B10: MERITUS | C10: FELICIO MATOS | D10: NR 33 - ESPAÇO CONFINADO - EXECUTANTE/VIGIA | E10: FABRICIO FERREIRA BRANT | F10: =VLOOKUP(NR33.EXECUTANTE[[#This Row],[NOME]],'CADASTRO'!A:K,5,0) -> OPERADOR INDUSTRIAL II | G10: 45506 | H10: 365 | I10: =IF(NR33.EXECUTANTE[[#This Row],[SITUAÇÃO]]="ATIVO",IF(NR33.EXECUTANTE[[#This Row],[CONDIÇÃO]]="N.A.","N.A.", IF(NR33.EXECUTANTE[[#This Row],[CONDIÇÃO]]="REPROVADO","REPROVADO",IF(NR33.EXECUTANTE[[#This Row],[CONDIÇÃO]]="RECICLADO","HISTORICO", IF((G10+H10)>(TODAY()),"NO PRAZO", "VENCIDO")))),"N.A.") -> HISTORICO | J10: =NR33.EXECUTANTE[[#This Row],[TREINADO EM]]+NR33.EXECUTANTE[[#This Row],[VALIDADE]] -> 45871 | K10: 8 | L10: RECICLADO | M10: =VLOOKUP(NR33.EXECUTANTE[[#This Row],[NOME]],'CADASTRO'!A:K,6,0) -> ATIVO
A11: EXTERNO | B11: EXXCELENCIA | C11: VINICIUS FERREIRA | D11: NR 33 - ESPAÇO CONFINADO - EXECUTANTE/VIGIA | E11: CALUAN DE JESUS SANTOS GUIMARAES | F11: =VLOOKUP(NR33.EXECUTANTE[[#This Row],[NOME]],'CADASTRO'!A:K,5,0) -> TECNICO MECANICO II | G11: 44490 | H11: 365 | I11: =IF(NR33.EXECUTANTE[[#This Row],[SITUAÇÃO]]="ATIVO",IF(NR33.EXECUTANTE[[#This Row],[CONDIÇÃO]]="N.A.","N.A.", IF(NR33.EXECUTANTE[[#This Row],[CONDIÇÃO]]="REPROVADO","REPROVADO",IF(NR33.EXECUTANTE[[#This Row],[CONDIÇÃO]]="RECICLADO","HISTORICO", IF((G11+H11)>(TODAY()),"NO PRAZO", "VENCIDO")))),"N.A.") -> N.A. | J11: =NR33.EXECUTANTE[[#This Row],[TREINADO EM]]+NR33.EXECUTANTE[[#This Row],[VALIDADE]] -> 44855 | K11: 8 | L11: RECICLADO | M11: =VLOOKUP(NR33.EXECUTANTE[[#This Row],[NOME]],'CADASTRO'!A:K,6,0) -> TRANSFERIDO
A12: EXTERNO | B12: EXXCELENCIA | C12: DEYVID FRANKLIN | D12: NR 33 - ESPAÇO CONFINADO - EXECUTANTE/VIGIA | E12: CALUAN DE JESUS SANTOS GUIMARAES | F12: =VLOOKUP(NR33.EXECUTANTE[[#This Row],[NOME]],'CADASTRO'!A:K,5,0) -> TECNICO MECANICO II | G12: 44865 | H12: 365 | I12: =IF(NR33.EXECUTANTE[[#This Row],[SITUAÇÃO]]="ATIVO",IF(NR33.EXECUTANTE[[#This Row],[CONDIÇÃO]]="N.A.","N.A.", IF(NR33.EXECUTANTE[[#This Row],[CONDIÇÃO]]="REPROVADO","REPROVADO",IF(NR33.EXECUTANTE[[#This Row],[CONDIÇÃO]]="RECICLADO","HISTORICO", IF((G12+H12)>(TODAY()),"NO PRAZO", "VENCIDO")))),"N.A.") -> N.A. | J12: =NR33.EXECUTANTE[[#This Row],[TREINADO EM]]+NR33.EXECUTANTE[[#This Row],[VALIDADE]] -> 45230 | K12: 8 | L12: RECICLADO | M12: =VLOOKUP(NR33.EXECUTANTE[[#This Row],[NOME]],'CADASTRO'!A:K,6,0) -> TRANSFERIDO
A13: EXTERNO | B13: EXXCELENCIA | C13: DEYVID FRANKLIN | D13: NR 33 - ESPAÇO CONFINADO - EXECUTANTE/VIGIA | E13: CALUAN DE JESUS SANTOS GUIMARAES | F13: =VLOOKUP(NR33.EXECUTANTE[[#This Row],[NOME]],'CADASTRO'!A:K,5,0) -> TECNICO MECANICO II | G13: 45197 | H13: 365 | I13: =IF(NR33.EXECUTANTE[[#This Row],[SITUAÇÃO]]="ATIVO",IF(NR33.EXECUTANTE[[#This Row],[CONDIÇÃO]]="N.A.","N.A.", IF(NR33.EXECUTANTE[[#This Row],[CONDIÇÃO]]="REPROVADO","REPROVADO",IF(NR33.EXECUTANTE[[#This Row],[CONDIÇÃO]]="RECICLADO","HISTORICO", IF((G13+H13)>(TODAY()),"NO PRAZO", "VENCIDO")))),"N.A.") -> N.A. | J13: =NR33.EXECUTANTE[[#This Row],[TREINADO EM]]+NR33.EXECUTANTE[[#This Row],[VALIDADE]] -> 45562 | K13: 8 | L13: RECICLADO | M13: =VLOOKUP(NR33.EXECUTANTE[[#This Row],[NOME]],'CADASTRO'!A:K,6,0) -> TRANSFERIDO
... A124: EXTERNO | B124: MERITUS | C124: FELICIO MATOS | D124: NR 33 - ESPAÇO CONFINADO - EXECUTANTE/VIGIA | E124: MOISES THADEU DA COSTA | F124: =VLOOKUP(NR33.EXECUTANTE[[#This Row],[NOME]],'CADASTRO'!A:K,5,0) -> ANALISTA PRODUCAO JR | G124: 45604 | H124: 365 | I124: =IF(NR33.EXECUTANTE[[#This Row],[SITUAÇÃO]]="ATIVO",IF(NR33.EXECUTANTE[[#This Row],[CONDIÇÃO]]="N.A.","N.A.", IF(NR33.EXECUTANTE[[#This Row],[CONDIÇÃO]]="REPROVADO","REPROVADO",IF(NR33.EXECUTANTE[[#This Row],[CONDIÇÃO]]="RECICLADO","HISTORICO", IF((G124+H124)>(TODAY()),"NO PRAZO", "VENCIDO")))),"N.A.") -> HISTORICO | J124: =NR33.EXECUTANTE[[#This Row],[TREINADO EM]]+NR33.EXECUTANTE[[#This Row],[VALIDADE]] -> 45969 | K124: 8 | L124: RECICLADO | M124: =VLOOKUP(NR33.EXECUTANTE[[#This Row],[NOME]],'CADASTRO'!A:K,6,0) -> ATIVO

Sheet NR33 SUPERV
A1: ORIGEM | B1: FORNECEDOR | C1: INSTRUTOR | D1: TREINAMENTO | E1: NOME | F1: CARGO | G1: TREINADO EM | H1: VALIDADE | I1: STATUS | J1: VENCE EM | K1: CARGA HORARIA | L1: CONDIÇÃO | M1: SITUAÇÃO
A2: EXTERNO | B2: EXXCELENCIA | C2: VINICIUS FERREIRA | D2: NR 33 - ESPAÇO CONFINADO - SUPERVISOR | E2: ALEXANDRE BATISTA DE OLIVEIRA | F2: =VLOOKUP(NR33.SUPERVISOR[[#This Row],[NOME]],'CADASTRO'!A:K,5,0) -> TECNICO MECANICO III | G2: 45016 | H2: 365 | I2: =IF(NR33.SUPERVISOR[[#This Row],[SITUAÇÃO]]="ATIVO",IF(NR33.SUPERVISOR[[#This Row],[CONDIÇÃO]]="N.A.","N.A.", IF(NR33.SUPERVISOR[[#This Row],[CONDIÇÃO]]="REPROVADO","REPROVADO",IF(NR33.SUPERVISOR[[#This Row],[CONDIÇÃO]]="RECICLADO","HISTORICO", IF((G2+H2)>(TODAY()),"NO PRAZO", "VENCIDO")))),"N.A.") -> HISTORICO | J2: =NR33.SUPERVISOR[[#This Row],[TREINADO EM]]+NR33.SUPERVISOR[[#This Row],[VALIDADE]] -> 45381 | K2: 40 | L2: RECICLADO | M2: =VLOOKUP(NR33.SUPERVISOR[[#This Row],[NOME]],'CADASTRO'!A:K,6,0) -> ATIVO
A3: EXTERNO | B3: MERITUS | C3: FELICIO MATOS | D3: NR 33 - ESPAÇO CONFINADO - SUPERVISOR | E3: ALEXANDRE BATISTA DE OLIVEIRA | F3: =VLOOKUP(NR33.SUPERVISOR[[#This Row],[NOME]],'CADASTRO'!A:K,5,0) -> TECNICO MECANICO III | G3: 45436 | H3: 365 | I3: =IF(NR33.SUPERVISOR[[#This Row],[SITUAÇÃO]]="ATIVO",IF(NR33.SUPERVISOR[[#This Row],[CONDIÇÃO]]="N.A.","N.A.", IF(NR33.SUPERVISOR[[#This Row],[CONDIÇÃO]]="REPROVADO","REPROVADO",IF(NR33.SUPERVISOR[[#This Row],[CONDIÇÃO]]="RECICLADO","HISTORICO", IF((G3+H3)>(TODAY()),"NO PRAZO", "VENCIDO")))),"N.A.") -> HISTORICO | J3: =NR33.SUPERVISOR[[#This Row],[TREINADO EM]]+NR33.SUPERVISOR[[#This Row],[VALIDADE]] -> 45801 | K3: 8 | L3: RECICLADO | M3: =VLOOKUP(NR33.SUPERVISOR[[#This Row],[NOME]],'CADASTRO'!A:K,6,0) -> ATIVO
A4: EXTERNO | B4: MERITUS | C4: FELICIO MATOS | D4: NR 33 - ESPAÇO CONFINADO - SUPERVISOR | E4: ALEXANDRE BATISTA DE OLIVEIRA | F4: =VLOOKUP(NR33.SUPERVISOR[[#This Row],[NOME]],'CADASTRO'!A:K,5,0) -> TECNICO MECANICO III | G4: 45812 | H4: 365 | I4: =IF(NR33.SUPERVISOR[[#This Row],[SITUAÇÃO]]="ATIVO",IF(NR33.SUPERVISOR[[#This Row],[CONDIÇÃO]]="N.A.","N.A.", IF(NR33.SUPERVISOR[[#This Row],[CONDIÇÃO]]="REPROVADO","REPROVADO",IF(NR33.SUPERVISOR[[#This Row],[CONDIÇÃO]]="RECICLADO","HISTORICO", IF((G4+H4)>(TODAY()),"NO PRAZO", "VENCIDO")))),"N.A.") -> VENCIDO | J4: =NR33.SUPERVISOR[[#This Row],[TREINADO EM]]+NR33.SUPERVISOR[[#This Row],[VALIDADE]] -> 46177 | K4: 8 | L4: APROVADO | M4: =VLOOKUP(NR33.SUPERVISOR[[#This Row],[NOME]],'CADASTRO'!A:K,6,0) -> ATIVO
A5: EXTERNO | B5: EXXCELENCIA | C5: DEYVID FRANKLIN | D5: NR 33 - ESPAÇO CONFINADO - SUPERVISOR | E5: ALEXANDRE DE ASSIS DA COSTA | F5: =VLOOKUP(NR33.SUPERVISOR[[#This Row],[NOME]],'CADASTRO'!A:K,5,0) -> TECNICO MECANICO II | G5: 45278 | H5: 365 | I5: =IF(NR33.SUPERVISOR[[#This Row],[SITUAÇÃO]]="ATIVO",IF(NR33.SUPERVISOR[[#This Row],[CONDIÇÃO]]="N.A.","N.A.", IF(NR33.SUPERVISOR[[#This Row],[CONDIÇÃO]]="REPROVADO","REPROVADO",IF(NR33.SUPERVISOR[[#This Row],[CONDIÇÃO]]="RECICLADO","HISTORICO", IF((G5+H5)>(TODAY()),"NO PRAZO", "VENCIDO")))),"N.A.") -> HISTORICO | J5: =NR33.SUPERVISOR[[#This Row],[TREINADO EM]]+NR33.SUPERVISOR[[#This Row],[VALIDADE]] -> 45643 | K5: 8 | L5: RECICLADO | M5: =VLOOKUP(NR33.SUPERVISOR[[#This Row],[NOME]],'CADASTRO'!A:K,6,0) -> ATIVO
A6: EXTERNO | B6: MERITUS | C6: FELICIO MATOS | D6: NR 33 - ESPAÇO CONFINADO - SUPERVISOR | E6: ALEXANDRE DE ASSIS DA COSTA | F6: =VLOOKUP(NR33.SUPERVISOR[[#This Row],[NOME]],'CADASTRO'!A:K,5,0) -> TECNICO MECANICO II | G6: 45572 | H6: 365 | I6: =IF(NR33.SUPERVISOR[[#This Row],[SITUAÇÃO]]="ATIVO",IF(NR33.SUPERVISOR[[#This Row],[CONDIÇÃO]]="N.A.","N.A.", IF(NR33.SUPERVISOR[[#This Row],[CONDIÇÃO]]="REPROVADO","REPROVADO",IF(NR33.SUPERVISOR[[#This Row],[CONDIÇÃO]]="RECICLADO","HISTORICO", IF((G6+H6)>(TODAY()),"NO PRAZO", "VENCIDO")))),"N.A.") -> HISTORICO | J6: =NR33.SUPERVISOR[[#This Row],[TREINADO EM]]+NR33.SUPERVISOR[[#This Row],[VALIDADE]] -> 45937 | K6: 8 | L6: RECICLADO | M6: =VLOOKUP(NR33.SUPERVISOR[[#This Row],[NOME]],'CADASTRO'!A:K,6,0) -> ATIVO
A7: EXTERNO | B7: MERITUS | C7: FELICIO MATOS | D7: NR 33 - ESPAÇO CONFINADO - SUPERVISOR | E7: ALEXANDRE DE ASSIS DA COSTA | F7: =VLOOKUP(NR33.SUPERVISOR[[#This Row],[NOME]],'CADASTRO'!A:K,5,0) -> TECNICO MECANICO II | G7: 45942 | H7: 365 | I7: =IF(NR33.SUPERVISOR[[#This Row],[SITUAÇÃO]]="ATIVO",IF(NR33.SUPERVISOR[[#This Row],[CONDIÇÃO]]="N.A.","N.A.", IF(NR33.SUPERVISOR[[#This Row],[CONDIÇÃO]]="REPROVADO","REPROVADO",IF(NR33.SUPERVISOR[[#This Row],[CONDIÇÃO]]="RECICLADO","HISTORICO", IF((G7+H7)>(TODAY()),"NO PRAZO", "VENCIDO")))),"N.A.") -> HISTORICO | J7: =NR33.SUPERVISOR[[#This Row],[TREINADO EM]]+NR33.SUPERVISOR[[#This Row],[VALIDADE]] -> 46307 | K7: 8 | L7: RECICLADO | M7: =VLOOKUP(NR33.SUPERVISOR[[#This Row],[NOME]],'CADASTRO'!A:K,6,0) -> ATIVO
A8: EXTERNO | B8: MERITUS | C8: FELICIO MATOS | D8: NR 33 - ESPAÇO CONFINADO - SUPERVISOR | E8: ALEXANDRE DE ASSIS DA COSTA | F8: =VLOOKUP(NR33.SUPERVISOR[[#This Row],[NOME]],'CADASTRO'!A:K,5,0) -> TECNICO MECANICO II | G8: 46302 | H8: 365 | I8: =IF(NR33.SUPERVISOR[[#This Row],[SITUAÇÃO]]="ATIVO",IF(NR33.SUPERVISOR[[#This Row],[CONDIÇÃO]]="N.A.","N.A.", IF(NR33.SUPERVISOR[[#This Row],[CONDIÇÃO]]="REPROVADO","REPROVADO",IF(NR33.SUPERVISOR[[#This Row],[CONDIÇÃO]]="RECICLADO","HISTORICO", IF((G8+H8)>(TODAY()),"NO PRAZO", "VENCIDO")))),"N.A.") -> NO PRAZO | J8: =NR33.SUPERVISOR[[#This Row],[TREINADO EM]]+NR33.SUPERVISOR[[#This Row],[VALIDADE]] -> 46667 | K8: 8 | L8: APROVADO | M8: =VLOOKUP(NR33.SUPERVISOR[[#This Row],[NOME]],'CADASTRO'!A:K,6,0) -> ATIVO
A9: EXTERNO | B9: EXXCELENCIA | C9: VINICIUS FERREIRA | D9: NR 33 - ESPAÇO CONFINADO - SUPERVISOR | E9: ANGELO ROSEMBERG BELLO TEIXEIRA | F9: =VLOOKUP(NR33.SUPERVISOR[[#This Row],[NOME]],'CADASTRO'!A:K,5,0) -> TECNICO ELETRONICO II | G9: 44931 | H9: 365 | I9: =IF(NR33.SUPERVISOR[[#This Row],[SITUAÇÃO]]="ATIVO",IF(NR33.SUPERVISOR[[#This Row],[CONDIÇÃO]]="N.A.","N.A.", IF(NR33.SUPERVISOR[[#This Row],[CONDIÇÃO]]="REPROVADO","REPROVADO",IF(NR33.SUPERVISOR[[#This Row],[CONDIÇÃO]]="RECICLADO","HISTORICO", IF((G9+H9)>(TODAY()),"NO PRAZO", "VENCIDO")))),"N.A.") -> N.A. | J9: =NR33.SUPERVISOR[[#This Row],[TREINADO EM]]+NR33.SUPERVISOR[[#This Row],[VALIDADE]] -> 45296 | K9: 40 | L9: RECICLADO | M9: =VLOOKUP(NR33.SUPERVISOR[[#This Row],[NOME]],'CADASTRO'!A:K,6,0) -> DESLIGADO
A10: EXTERNO | B10: MERITUS | C10: FELICIO MATOS | D10: NR 33 - ESPAÇO CONFINADO - SUPERVISOR | E10: ANGELO ROSEMBERG BELLO TEIXEIRA | F10: =VLOOKUP(NR33.SUPERVISOR[[#This Row],[NOME]],'CADASTRO'!A:K,5,0) -> TECNICO ELETRONICO II | G10: 45321 | H10: 365 | I10: =IF(NR33.SUPERVISOR[[#This Row],[SITUAÇÃO]]="ATIVO",IF(NR33.SUPERVISOR[[#This Row],[CONDIÇÃO]]="N.A.","N.A.", IF(NR33.SUPERVISOR[[#This Row],[CONDIÇÃO]]="REPROVADO","REPROVADO",IF(NR33.SUPERVISOR[[#This Row],[CONDIÇÃO]]="RECICLADO","HISTORICO", IF((G10+H10)>(TODAY()),"NO PRAZO", "VENCIDO")))),"N.A.") -> N.A. | J10: =NR33.SUPERVISOR[[#This Row],[TREINADO EM]]+NR33.SUPERVISOR[[#This Row],[VALIDADE]] -> 45686 | K10: 8 | L10: RECICLADO | M10: =VLOOKUP(NR33.SUPERVISOR[[#This Row],[NOME]],'CADASTRO'!A:K,6,0) -> DESLIGADO
A11: EXTERNO | B11: MERITUS | C11: FELICIO MATOS | D11: NR 33 - ESPAÇO CONFINADO - SUPERVISOR | E11: ANGELO ROSEMBERG BELLO TEIXEIRA | F11: =VLOOKUP(NR33.SUPERVISOR[[#This Row],[NOME]],'CADASTRO'!A:K,5,0) -> TECNICO ELETRONICO II | G11: 45778 | H11: 365 | I11: =IF(NR33.SUPERVISOR[[#This Row],[SITUAÇÃO]]="ATIVO",IF(NR33.SUPERVISOR[[#This Row],[CONDIÇÃO]]="N.A.","N.A.", IF(NR33.SUPERVISOR[[#This Row],[CONDIÇÃO]]="REPROVADO","REPROVADO",IF(NR33.SUPERVISOR[[#This Row],[CONDIÇÃO]]="RECICLADO","HISTORICO", IF((G11+H11)>(TODAY()),"NO PRAZO", "VENCIDO")))),"N.A.") -> N.A. | J11: =NR33.SUPERVISOR[[#This Row],[TREINADO EM]]+NR33.SUPERVISOR[[#This Row],[VALIDADE]] -> 46143 | K11: 8 | L11: APROVADO | M11: =VLOOKUP(NR33.SUPERVISOR[[#This Row],[NOME]],'CADASTRO'!A:K,6,0) -> DESLIGADO
A12: EXTERNO | B12: MERITUS | C12: FELICIO MATOS | D12: NR 33 - ESPAÇO CONFINADO - SUPERVISOR | E12: ARTHUR FIGUEIREDO DA SILVA | F12: =VLOOKUP(NR33.SUPERVISOR[[#This Row],[NOME]],'CADASTRO'!A:K,5,0) -> TECNICO MECANICO II | G12: 45993 | H12: 365 | I12: =IF(NR33.SUPERVISOR[[#This Row],[SITUAÇÃO]]="ATIVO",IF(NR33.SUPERVISOR[[#This Row],[CONDIÇÃO]]="N.A.","N.A.", IF(NR33.SUPERVISOR[[#This Row],[CONDIÇÃO]]="REPROVADO","REPROVADO",IF(NR33.SUPERVISOR[[#This Row],[CONDIÇÃO]]="RECICLADO","HISTORICO", IF((G12+H12)>(TODAY()),"NO PRAZO", "VENCIDO")))),"N.A.") -> HISTORICO | J12: =NR33.SUPERVISOR[[#This Row],[TREINADO EM]]+NR33.SUPERVISOR[[#This Row],[VALIDADE]] -> 46358 | K12: 20 | L12: RECICLADO | M12: =VLOOKUP(NR33.SUPERVISOR[[#This Row],[NOME]],'CADASTRO'!A:K,6,0) -> ATIVO
A13: EXTERNO | B13: MERITUS | C13: FELICIO MATOS | D13: NR 33 - ESPAÇO CONFINADO - SUPERVISOR | E13: ARTHUR FIGUEIREDO DA SILVA | F13: =VLOOKUP(NR33.SUPERVISOR[[#This Row],[NOME]],'CADASTRO'!A:K,5,0) -> TECNICO MECANICO II | G13: 46302 | H13: 365 | I13: =IF(NR33.SUPERVISOR[[#This Row],[SITUAÇÃO]]="ATIVO",IF(NR33.SUPERVISOR[[#This Row],[CONDIÇÃO]]="N.A.","N.A.", IF(NR33.SUPERVISOR[[#This Row],[CONDIÇÃO]]="REPROVADO","REPROVADO",IF(NR33.SUPERVISOR[[#This Row],[CONDIÇÃO]]="RECICLADO","HISTORICO", IF((G13+H13)>(TODAY()),"NO PRAZO", "VENCIDO")))),"N.A.") -> NO PRAZO | J13: =NR33.SUPERVISOR[[#This Row],[TREINADO EM]]+NR33.SUPERVISOR[[#This Row],[VALIDADE]] -> 46667 | K13: 8 | L13: APROVADO | M13: =VLOOKUP(NR33.SUPERVISOR[[#This Row],[NOME]],'CADASTRO'!A:K,6,0) -> ATIVO
... A127: EXTERNO | B127: MERITUS | C127: FELICIO MATOS | D127: NR 33 - ESPAÇO CONFINADO - SUPERVISOR | E127: WALLACE JOSE SILVA PEREIRA | F127: =VLOOKUP(NR33.SUPERVISOR[[#This Row],[NOME]],'CADASTRO'!A:K,5,0) -> TECNICO ELETRONICO II | G127: 46302 | H127: 365 | I127: =IF(NR33.SUPERVISOR[[#This Row],[SITUAÇÃO]]="ATIVO",IF(NR33.SUPERVISOR[[#This Row],[CONDIÇÃO]]="N.A.","N.A.", IF(NR33.SUPERVISOR[[#This Row],[CONDIÇÃO]]="REPROVADO","REPROVADO",IF(NR33.SUPERVISOR[[#This Row],[CONDIÇÃO]]="RECICLADO","HISTORICO", IF((G127+H127)>(TODAY()),"NO PRAZO", "VENCIDO")))),"N.A.") -> NO PRAZO | J127: =NR33.SUPERVISOR[[#This Row],[TREINADO EM]]+NR33.SUPERVISOR[[#This Row],[VALIDADE]] -> 46667 | K127: 8 | L127: APROVADO | M127: =VLOOKUP(NR33.SUPERVISOR[[#This Row],[NOME]],'CADASTRO'!A:K,6,0) -> ATIVO

Sheet NR33 RESGATISTA
A1: ORIGEM | B1: FORNECEDOR | C1: INSTRUTOR | D1: TREINAMENTO | E1: NOME | F1: CARGO | G1: TREINADO EM | H1: VALIDADE | I1: STATUS | J1: VENCE EM | K1: CARGA HORARIA | L1: CONDIÇÃO | M1: SITUAÇÃO
A2: EXTERNO | B2: MERITUS | C2: FELICIO MATOS | D2: NR 33 - ESPAÇO CONFINADO - RESGATISTA | E2: ALEXANDRE BATISTA DE OLIVEIRA | F2: =VLOOKUP(NR33.RESGATISTA[[#This Row],[NOME]],'CADASTRO'!A:K,5,0) -> TECNICO MECANICO III | G2: 45230 | H2: 182 | I2: =IF(NR33.RESGATISTA[[#This Row],[SITUAÇÃO]]="ATIVO",IF(NR33.RESGATISTA[[#This Row],[CONDIÇÃO]]="N.A.","N.A.", IF(NR33.RESGATISTA[[#This Row],[CONDIÇÃO]]="REPROVADO","REPROVADO",IF(NR33.RESGATISTA[[#This Row],[CONDIÇÃO]]="RECICLADO","HISTORICO", IF((G2+H2)>(TODAY()),"NO PRAZO", "VENCIDO")))),"N.A.") -> HISTORICO | J2: =NR33.RESGATISTA[[#This Row],[TREINADO EM]]+NR33.RESGATISTA[[#This Row],[VALIDADE]] -> 45412 | K2: 32 | L2: RECICLADO | M2: =VLOOKUP(NR33.RESGATISTA[[#This Row],[NOME]],'CADASTRO'!A:K,6,0) -> ATIVO
